動画の種類,発注企業・出演企業（推定）,動画の目的（推定）,推定の根拠,制作会社（推定）,投稿チャンネル,題名,尺（秒）,再生数,視聴判定,リサーチ日,検索お題,参考外の理由,URL
参考外（急上昇・題材の取り違え）,VOLTACTION - Topic,不明（企業映像ではない）,（種類からの既定）,,VOLTACTION - Topic,ELEVATE,,60175,未判定,2026-07-14,急上昇,企業映像でない（急上昇・題材の取り違え）,https://www.youtube.com/watch?v=q1ElIA96W0A
参考外（急上昇・題材の取り違え）,BE:FIRST Official,楽曲のプロモーション（音楽作品の発表）,Teaser,,BE:FIRST Official,SHUNTO (BE:FIRST) / Want it -Teaser-,,107531,未判定,2026-07-14,急上昇,企業映像でない（急上昇・題材の取り違え）,https://www.youtube.com/watch?v=FGWtzBxBEqo
参考外（急上昇・題材の取り違え）,3Li¥en,楽曲のプロモーション（音楽作品の発表）,Official Music Video,,3Li¥en,3Li¥en - Mooove B*tch feat. ANARCHY (Official Music Video),,77179,未判定,2026-07-14,急上昇,企業映像でない（急上昇・題材の取り違え）,https://www.youtube.com/watch?v=TCeUEeTcjQU
参考外（急上昇・題材の取り違え）,乃木坂46 OFFICIAL YouTube CHANNEL,不明（企業映像ではない）,（種類からの既定）,,乃木坂46 OFFICIAL YouTube CHANNEL,乃木坂46 LIVE Blu-ray＆DVD 「SHIORI KUBO GRADUATION CONCERT」ダイジェスト映像,,35232,未判定,2026-07-14,急上昇,企業映像でない（急上昇・題材の取り違え）,https://www.youtube.com/watch?v=yoDB5rRvMx8
参考外（急上昇・題材の取り違え）,しろ,不明（企業映像ではない）,（種類からの既定）,,しろ,【モンスト】誘惑に負けたしろ、先行でガチャ回遊に参戦！新キャラコンプ＆真獣神化で排出される1弾キャラも引きたい！『呪術廻戦コラボ第3弾』先行販売ガチャを引き散らかした結果！【しろ】,,113423,未判定,2026-07-14,急上昇,企業映像でない（急上昇・題材の取り違え）,https://www.youtube.com/watch?v=uZ-pUT1fBb0
参考外（急上昇・題材の取り違え）,M!LK,楽曲のプロモーション（音楽作品の発表）,Official Music Video,,M!LK,M!LK - You!Joy!Parade! (Official Music Video),,631940,未判定,2026-07-18,急上昇,企業映像でない（急上昇・題材の取り違え）,https://www.youtube.com/watch?v=3C0EOqt7sqA
参考外（急上昇・題材の取り違え）,ディズニープラス,不明（企業映像ではない）,（種類からの既定）,,ディズニープラス,『King & Princeがまちあわせ in LA』｜エピソード6 予告｜旅はいよいよ終盤戦へ！再びサンタモニカに帰ってきた2人は“まちあわせ”できるのか！？｜Disney+ (ディズニープラス）,,5880,未判定,2026-07-18,急上昇,企業映像でない（急上昇・題材の取り違え）,https://www.youtube.com/watch?v=ucoclCAGX64
参考外（急上昇・題材の取り違え）,SixTONES,不明（企業映像ではない）,（種類からの既定）,,SixTONES,SixTONES – マイオンリー,,281328,未判定,2026-07-18,急上昇,企業映像でない（急上昇・題材の取り違え）,https://www.youtube.com/watch?v=3lOsboT-IWU
参考外（急上昇・題材の取り違え）,ソニー・ピクチャーズ 公式チャンネル,不明（企業映像ではない）,（種類からの既定）,,ソニー・ピクチャーズ 公式チャンネル,15歳、スパイダーマンの戦いが今、始まる。『スパイダーマン：ホームカミング』（吹替版）,,30250,未判定,2026-07-18,急上昇,企業映像でない（急上昇・題材の取り違え）,https://www.youtube.com/watch?v=qu0xG6daY5c
参考外（急上昇・題材の取り違え）,ジュニアCHANNEL,不明（企業映像ではない）,（種類からの既定）,,ジュニアCHANNEL,B&ZAI【Ready for B&ZAI】LIVE TOUR 2026 -ROCK’N’DOL-in日本武道館より,,58112,未判定,2026-07-18,急上昇,企業映像でない（急上昇・題材の取り違え）,https://www.youtube.com/watch?v=L7ri_UYNljo
MV・ミュージックビデオ,HYBE LABELS,楽曲のプロモーション（音楽作品の発表）,MV,,HYBE LABELS,ILLIT (아일릿) ‘It’s Me’ Official MV,,99300556,未判定,2026-07-18,illitのミュージックビデオ,,https://www.youtube.com/watch?v=bMhDJ0S0OBA
MV・ミュージックビデオ,HYBE LABELS,楽曲のプロモーション（音楽作品の発表）,MV,,HYBE LABELS,LE SSERAFIM (르세라핌) x ILLIT (아일릿) x KATSEYE (캣츠아이) 'ICONIC BY MISTAKE' Official MV,,84450057,未判定,2026-07-18,illitのミュージックビデオ,,https://www.youtube.com/watch?v=27C4pfRsf9g
MV・ミュージックビデオ,SMTOWN,楽曲のプロモーション（音楽作品の発表）,MV,,SMTOWN,aespa 에스파 'LEMONADE' MV,,51864406,未判定,2026-07-18,illitのミュージックビデオ,,https://www.youtube.com/watch?v=83C3TZ4Zm_o
MV・ミュージックビデオ,うが / マイクラ建築,楽曲のプロモーション（音楽作品の発表）,（種類からの既定）,,うが / マイクラ建築,【↑和風PV↑】ジブリの名作を感じる建築…,,3032,未判定,2026-07-27,名作PVを,,https://www.youtube.com/watch?v=P1K26utPbmg
参考外（急上昇・題材の取り違え）,闇のミステリー,不明（企業映像ではない）,（種類からの既定）,,闇のミステリー,2026年最新AIが暴いたナスカ地上絵893点の真実…描いたのは縄文人の祖先だった...,,1012534,未判定,2026-07-30,最新のai動画,企業映像でない（急上昇・題材の取り違え）,https://www.youtube.com/watch?v=6QGZ_npo-uU
参考外（急上昇・題材の取り違え）,パソコン博士TAIKI,不明（企業映像ではない）,（種類からの既定）,,パソコン博士TAIKI,【衝撃の結果！】最新の研究でAIに相談する人ほど不幸になる事が判明！,,544015,未判定,2026-07-30,最新のai動画,企業映像でない（急上昇・題材の取り違え）,https://www.youtube.com/watch?v=X978xG_XmjQ
参考外（急上昇・題材の取り違え）,AIで創作効率化とマネタイズby嗚呼蛙,不明（企業映像ではない）,（種類からの既定）,,AIで創作効率化とマネタイズby嗚呼蛙,話題の非検閲ローカル動画生成AI「Sulphur2」とは？導入方法まで徹底解説！LTX2.3派生のクオリティも嬉しい！,,105813,未判定,2026-07-30,最新のai動画,企業映像でない（急上昇・題材の取り違え）,https://www.youtube.com/watch?v=7h4vFOdf1_8
参考外（急上昇・題材の取り違え）,しきちゃんAI工房,不明（企業映像ではない）,（種類からの既定）,,しきちゃんAI工房,【DQ3】 ドラクエ3をAIで最新3Dリメイクしてみた アリアハンからナジミの塔までの冒険が今蘇る！オルテガの名シーンも！,,91670,未判定,2026-07-30,最新のai動画,企業映像でない（急上昇・題材の取り違え）,https://www.youtube.com/watch?v=cbeDa4xpl5A
参考外（急上昇・題材の取り違え）,しんたろーのITアカデミー,不明（企業映像ではない）,（種類からの既定）,,しんたろーのITアカデミー,Google Omniが衝撃的。撮影後の実写動画をAIで自在に書き換え,,52552,未判定,2026-07-30,最新のai動画,企業映像でない（急上昇・題材の取り違え）,https://www.youtube.com/watch?v=EWvSShwvB2c
参考外（急上昇・題材の取り違え）,M!LK,楽曲のプロモーション（音楽作品の発表）,Official Music Video,,M!LK,M!LK - 罪と罰と雨とキス (佐野勇斗＆吉田仁人) (Official Music Video),,1962926,未判定,2026-08-05,急上昇,企業映像でない（急上昇・題材の取り違え）,https://www.youtube.com/watch?v=7VqCdhFGE78
参考外（急上昇・題材の取り違え）,DON XHONI,不明（企業映像ではない）,（種類からの既定）,,DON XHONI,DON XHONI - 100%,,8179229,未判定,2026-08-05,YouTubeトップ100,企業映像でない（急上昇・題材の取り違え）,https://www.youtube.com/watch?v=6-eqUIMD1JU
参考外（急上昇・題材の取り違え）,Cricket Machas,不明（企業映像ではない）,（種類からの既定）,,Cricket Machas,Guess Top 100 Wicket Takers,,5958434,未判定,2026-08-05,YouTubeトップ100,企業映像でない（急上昇・題材の取り違え）,https://www.youtube.com/watch?v=nM5pw6JOVkM
参考外（急上昇・題材の取り違え）,Cricket Machas,不明（企業映像ではない）,（種類からの既定）,,Cricket Machas,Top 100 Wicket Takers,,4337178,未判定,2026-08-05,YouTubeトップ100,企業映像でない（急上昇・題材の取り違え）,https://www.youtube.com/watch?v=_fZozruUF80
参考外（急上昇・題材の取り違え）,Busy Fun Ltd,不明（企業映像ではない）,（種類からの既定）,,Busy Fun Ltd,Top 100 of One Trending New Giant Special Video 😂 Amazing Comedy Video 2026 Ep 296 By Busy Fun Ltd,,2818160,未判定,2026-08-05,YouTubeトップ100,企業映像でない（急上昇・題材の取り違え）,https://www.youtube.com/watch?v=QY9vzD_FLzc
参考外（急上昇・題材の取り違え）,Cricket Machas,不明（企業映像ではない）,（種類からの既定）,,Cricket Machas,Top 100 Wicket Takers,,1538749,未判定,2026-08-05,YouTubeトップ100,企業映像でない（急上昇・題材の取り違え）,https://www.youtube.com/watch?v=-A0C4IrHJik
参考外（急上昇・題材の取り違え）,Snow Man,不明（企業映像ではない）,（種類からの既定）,,Snow Man,?????????,,677443,未判定,2026-08-06,急上昇,企業映像でない（急上昇・題材の取り違え）,https://www.youtube.com/watch?v=I-TX9GZpDeY
参考外（急上昇・題材の取り違え）,HYBE LABELS,不明（企業映像ではない）,（種類からの既定）,,HYBE LABELS,&TEAM KR 2nd Mini Album 'Mark on Me' Trailer : The First Mark,,84087,未判定,2026-08-06,急上昇,企業映像でない（急上昇・題材の取り違え）,https://www.youtube.com/watch?v=ywm_k3Mwitc
参考外（急上昇・題材の取り違え）,HANA official,不明（企業映像ではない）,（種類からの既定）,,HANA official,HANA / NON STOP -Spotify On Stage Tokyo 2025-,,139650,未判定,2026-08-06,急上昇,企業映像でない（急上昇・題材の取り違え）,https://www.youtube.com/watch?v=llGkuk4IV1g
参考外（急上昇・題材の取り違え）,からすまAチャンネル,不明（企業映像ではない）,（種類からの既定）,,からすまAチャンネル,〇〇分でクリアできる忍術がなさすぎる原作無視のクソゲー【NARUTO -ナルト- 忍列伝】,,231386,未判定,2026-08-06,急上昇,企業映像でない（急上昇・題材の取り違え）,https://www.youtube.com/watch?v=JCnI0wmxSYo
参考外（急上昇・題材の取り違え）,Mrs. GREEN APPLE,不明（企業映像ではない）,（種類からの既定）,,Mrs. GREEN APPLE,Mrs. GREEN APPLE – クスシキ | MUSIC AWARDS JAPAN 2026,,270841,未判定,2026-08-07,急上昇,企業映像でない（急上昇・題材の取り違え）,https://www.youtube.com/watch?v=lsHy8vRpnAM
参考外（急上昇・題材の取り違え）,KAWAII LAB.,楽曲のプロモーション（音楽作品の発表）,MV,,KAWAII LAB.,"【MV】FRUITS ZIPPER『1,2,3,FOOOOUR』",,116166,未判定,2026-08-07,急上昇,企業映像でない（急上昇・題材の取り違え）,https://www.youtube.com/watch?v=6_nWHrfAyFA
参考外（急上昇・題材の取り違え）,Ado,不明（企業映像ではない）,（種類からの既定）,,Ado,【Ado】モンストロ,,302293,未判定,2026-08-07,急上昇,企業映像でない（急上昇・題材の取り違え）,https://www.youtube.com/watch?v=4IKHox-DKrM
参考外（急上昇・題材の取り違え）,FRUITS ZIPPER - Topic,不明（企業映像ではない）,（種類からの既定）,,FRUITS ZIPPER - Topic,"1,2,3,FOOOOUR",,101509,未判定,2026-08-07,急上昇,企業映像でない（急上昇・題材の取り違え）,https://www.youtube.com/watch?v=89Fqldl6-CU
参考外（急上昇・題材の取り違え）,THE FIRST TAKE,不明（企業映像ではない）,（種類からの既定）,,THE FIRST TAKE,ヤバイTシャツ屋さん - アルゴリズムの犬 / THE FIRST TAKE,,310028,未判定,2026-08-07,急上昇,企業映像でない（急上昇・題材の取り違え）,https://www.youtube.com/watch?v=DiCytPucC4U
参考外（急上昇・題材の取り違え）,JYP Entertainment,楽曲のプロモーション（音楽作品の発表）,M/V,,JYP Entertainment,"Stray Kids ""This & That"" M/V",,11230893,未判定,2026-08-08,急上昇,企業映像でない（急上昇・題材の取り違え）,https://www.youtube.com/watch?v=BZ4UzthYTss
参考外（急上昇・題材の取り違え）,KADOKAWAanime,不明（企業映像ではない）,（種類からの既定）,,KADOKAWAanime,劇場シリーズ【第一部】メイドインアビス 目覚める神秘｜本予告,,534348,未判定,2026-08-08,急上昇,企業映像でない（急上昇・題材の取り違え）,https://www.youtube.com/watch?v=Sy7cLG6XHRY
参考外（急上昇・題材の取り違え）,Kuzuha Channel,楽曲のプロモーション（音楽作品の発表）,MV,,Kuzuha Channel,【MV】王道/葛葉,,198114,未判定,2026-08-08,急上昇,企業映像でない（急上昇・題材の取り違え）,https://www.youtube.com/watch?v=X8njjHdF1go
参考外（急上昇・題材の取り違え）,松竹チャンネル/SHOCHIKUch,不明（企業映像ではない）,（種類からの既定）,,松竹チャンネル/SHOCHIKUch,映画『八つ墓村』本予告【9月18日(金)全国公開】,,109514,未判定,2026-08-08,急上昇,企業映像でない（急上昇・題材の取り違え）,https://www.youtube.com/watch?v=4WiUjd_MlSA
参考外（急上昇・題材の取り違え）,Release - Topic,不明（企業映像ではない）,（種類からの既定）,,Release - Topic,Time is money,,23673,未判定,2026-08-08,急上昇,企業映像でない（急上昇・題材の取り違え）,https://www.youtube.com/watch?v=ED-KkYI9il8
参考外（急上昇・題材の取り違え）,Euphoric Brothers,楽曲のプロモーション（音楽作品の発表）,Teaser,,Euphoric Brothers,Garten of Banban: Last Ticket to the Abyss - Official Teaser Trailer (Delvers),,1572268,未判定,2026-08-09,急上昇,企業映像でない（急上昇・題材の取り違え）,https://www.youtube.com/watch?v=i7jVfG-wB78
参考外（急上昇・題材の取り違え）,モナキ,楽曲のプロモーション（音楽作品の発表）,Official Music Video,,モナキ,モナキ - すみなすものは心なりけり(Official Music Video),,159677,未判定,2026-08-09,急上昇,企業映像でない（急上昇・題材の取り違え）,https://www.youtube.com/watch?v=_7IXcfSACEQ
参考外（急上昇・題材の取り違え）,,不明（企業映像ではない）,（種類からの既定）,KVN PRODUCTIONS,KVN PRODUCTIONS,Toxic Official Hindi Trailer | Rocking Star Yash | Geetu Mohandas | KVN | Monster Mind Creations,,10558571,未判定,2026-08-09,急上昇,企業映像でない（急上昇・題材の取り違え）,https://www.youtube.com/watch?v=G5hWlD5zfhw
参考外（急上昇・題材の取り違え）,VOLTACTION,ブランド・理念の発信（信頼の醸成）,4周年,,VOLTACTION,【Live Performance】ELEVATE  #VOLTACTION （#ヴォルタ4周年）,,56351,未判定,2026-08-09,急上昇,企業映像でない（急上昇・題材の取り違え）,https://www.youtube.com/watch?v=wEvCRGo6S6M
参考外（急上昇・題材の取り違え）,Spitz - Topic,不明（企業映像ではない）,（種類からの既定）,,Spitz - Topic,Unknown Thread,,355704,未判定,2026-08-09,急上昇,企業映像でない（急上昇・題材の取り違え）,https://www.youtube.com/watch?v=wzC9ZiL2kHY
MV・ミュージックビデオ,,楽曲のプロモーション（音楽作品の発表）,mv,スタジオ検索 さがスタ・スタスタ,スタジオ検索 さがスタ・スタスタ,【さがスタ/スタジオ紹介】マザーハウス江古田店 #music #mv #バンド #音楽 #スタジオ #ドラム #楽器店 #drums,,468,未判定,2026-08-10,ミュージックビデオに絞って検索,,https://www.youtube.com/watch?v=S7jKGzuCN4Q
MV・ミュージックビデオ,BABYMONSTER,楽曲のプロモーション（音楽作品の発表）,M/V,,BABYMONSTER,BABYMONSTER - 'SUGAR HONEY ICE TEA' M/V,,124315118,未判定,2026-08-11,ミュージックビデオ,,https://www.youtube.com/watch?v=naoGk-Zjc1s
MV・ミュージックビデオ,JYP Entertainment,楽曲のプロモーション（音楽作品の発表）,M/V,,JYP Entertainment,"Stray Kids ""RUN IT"" M/V",,51270673,未判定,2026-08-11,ミュージックビデオ,,https://www.youtube.com/watch?v=Q7IFjVUUb_E
MV・ミュージックビデオ,EBiDAN,楽曲のプロモーション（音楽作品の発表）,（種類からの既定）,,EBiDAN,EBiDAN(恵比寿学園男子部) 「Yes! 東京」 MUSIC VIDEO,,48559306,未判定,2026-08-11,ミュージックビデオ,,https://www.youtube.com/watch?v=KsHKaP50FBE
MV・ミュージックビデオ,HYBE LABELS,楽曲のプロモーション（音楽作品の発表）,MV,,HYBE LABELS,LE SSERAFIM (르세라핌) 'BOOMPALA' OFFICIAL MV,,27762587,未判定,2026-08-11,ミュージックビデオ,,https://www.youtube.com/watch?v=V1Lr-_AxeR8
MV・ミュージックビデオ,SixTONES,楽曲のプロモーション（音楽作品の発表）,（種類からの既定）,,SixTONES,SixTONES – Dance Forever,,24949316,未判定,2026-08-11,ミュージックビデオ,,https://www.youtube.com/watch?v=lmYusdmVg28
MV・ミュージックビデオ,AND2BLE,楽曲のプロモーション（音楽作品の発表）,MV,,AND2BLE,AND2BLE (앤더블) 'Curious' MV,,32261177,未判定,2026-08-13,ミュージックビデオ,,https://www.youtube.com/watch?v=m6kmpiOsLVk
MV・ミュージックビデオ,TREASURE (트레저),楽曲のプロモーション（音楽作品の発表）,M/V,,TREASURE (트레저),TREASURE - '난리나 (NALLY-NA) (HYUNHAYO)’ M/V,,57235977,未判定,2026-08-14,ミュージックビデオ,,https://www.youtube.com/watch?v=GCedXwbwMfQ
MV・ミュージックビデオ,BABYMONSTER,楽曲のプロモーション（音楽作品の発表）,M/V,,BABYMONSTER,BABYMONSTER - 'I LIKE IT' M/V,,87171211,未判定,2026-08-15,ミュージックビデオ,,https://www.youtube.com/watch?v=9cS2wv6AfHk
MV・ミュージックビデオ,ArianaGrandeVevo,楽曲のプロモーション（音楽作品の発表）,official music video,,ArianaGrandeVevo,Ariana Grande - hate that i made you love me (official music video),,70020737,未判定,2026-08-15,ミュージックビデオ,,https://www.youtube.com/watch?v=82-jTNka3uc
MV・ミュージックビデオ,BABYMONSTER,楽曲のプロモーション（音楽作品の発表）,M/V,,BABYMONSTER,BABYMONSTER - 'MOON' M/V,,73929111,未判定,2026-08-21,ミュージックビデオ,,https://www.youtube.com/watch?v=xXZwZ0DolJc
参考外（急上昇・題材の取り違え）,MrBeast,不明（企業映像ではない）,（種類からの既定）,,MrBeast,"$1 vs $10,000 Cake",,124590255,未判定,2026-08-23,YouTube,企業映像でない（急上昇・題材の取り違え）,https://www.youtube.com/watch?v=LgbyEFILLJI
参考外（急上昇・題材の取り違え）,김프로KIMPRO,不明（企業映像ではない）,（種類からの既定）,,김프로KIMPRO,It's me😆 kkubi x Like Nastya x KIMPRO,,121523306,未判定,2026-08-23,YouTube,企業映像でない（急上昇・題材の取り違え）,https://www.youtube.com/watch?v=OhpRM_bGkgw
参考外（急上昇・題材の取り違え）,VEDHAS MUSIC,不明（企業映像ではない）,（種類からの既定）,,VEDHAS MUSIC,BASINGA BALAALU FULL SONG | KALYAN KEYS | SHEKAR VIRUS | ESHWAR SAI | VAISHNAVI SONY | VEDHAS MUSIC,,93702270,未判定,2026-08-23,YouTube,企業映像でない（急上昇・題材の取り違え）,https://www.youtube.com/watch?v=A_RV2H2F9jw
参考外（急上昇・題材の取り違え）,MrBeast,不明（企業映像ではない）,（種類からの既定）,,MrBeast,I Granted 100 Kids Their Biggest Wish!,,56166227,未判定,2026-08-23,YouTube,企業映像でない（急上昇・題材の取り違え）,https://www.youtube.com/watch?v=lVylRtlPOIE
参考外（急上昇・題材の取り違え）,narrow,不明（企業映像ではない）,（種類からの既定）,,narrow,Surgeries In Animal Hospital 😭 #roblox #animalhospital,,43640367,未判定,2026-08-23,YouTube,企業映像でない（急上昇・題材の取り違え）,https://www.youtube.com/watch?v=4EVayuUFsKw
MV・ミュージックビデオ,TREASURE (트레저),楽曲のプロモーション（音楽作品の発表）,M/V,,TREASURE (트레저),TREASURE - ‘IF I’ M/V,,123753451,未判定,2026-08-23,ミュージックビデオでYouTube,,https://www.youtube.com/watch?v=QERKD90hG98
MV・ミュージックビデオ,IShowSpeed,楽曲のプロモーション（音楽作品の発表）,Official Music Video,,IShowSpeed,IShowSpeed - World Cup (Champions) [Official Music Video],,119276148,未判定,2026-08-23,ミュージックビデオでYouTube,,https://www.youtube.com/watch?v=vrY1THC_NQE
MV・ミュージックビデオ,SMTOWN,楽曲のプロモーション（音楽作品の発表）,MV,,SMTOWN,WayV 威神V '鸢 (Vision Wings)' MV,,3830654,未判定,2026-08-24,ミュージックビデオ,,https://www.youtube.com/watch?v=bfQ0eLJNWiw
MV・ミュージックビデオ,1Z ENTERTAINMENT,楽曲のプロモーション（音楽作品の発表）,Official Music Video,,1Z ENTERTAINMENT,SB19 x BE:FIRST 'TOYFRIEND' Official Music Video,,826311,未判定,2026-08-24,ミュージックビデオ,,https://www.youtube.com/watch?v=v7eXvrAfNxQ
MV・ミュージックビデオ,Weex.news0,楽曲のプロモーション（音楽作品の発表）,（種類からの既定）,,Weex.news0,Michael Jackson's Funniest Music Video BTS Moments 😂.#MichaelJackson#singer#music#tiktokviral,,424151,未判定,2026-08-24,ミュージックビデオ,,https://www.youtube.com/watch?v=kMXAQyUFAkE
MV・ミュージックビデオ,忘れらんねえよ,楽曲のプロモーション（音楽作品の発表）,（種類からの既定）,,忘れらんねえよ,忘れらんねえよ「なんもねえ」Music Video,,3710758,未判定,2026-08-24,ミュージックビデオ,,https://www.youtube.com/watch?v=aRiVUVNUhIs
MV・ミュージックビデオ,KAWAII LAB.,楽曲のプロモーション（音楽作品の発表）,MV,,KAWAII LAB.,【MV】SWEET STEADY『気味が悪いんだからねっ』,,921794,未判定,2026-08-24,ミュージックビデオ,,https://www.youtube.com/watch?v=gM6-rw_m0pY
MV・ミュージックビデオ,Oseremen,楽曲のプロモーション（音楽作品の発表）,（種類からの既定）,,Oseremen,"My voice cracked… and my fans called it a ‘Filipino vocal technique’ 😂 - Katseye, Sophia, Wild.",,1362686,未判定,2026-08-25,ミュージックビデオ,,https://www.youtube.com/watch?v=j0AeUhFys9k
MV・ミュージックビデオ,turning the tables,楽曲のプロモーション（音楽作品の発表）,（種類からの既定）,,turning the tables,The Charli XCX Interview,,168938,未判定,2026-08-25,ミュージックビデオ,,https://www.youtube.com/watch?v=23p5Y74C-OU
MV・ミュージックビデオ,ICEx,楽曲のプロモーション（音楽作品の発表）,Official Music Video,,ICEx,HOTx - 熱烈ファイヤー (Official Music Video),,555351,未判定,2026-08-25,ミュージックビデオ,,https://www.youtube.com/watch?v=OkCUQpWmvWU
MV・ミュージックビデオ,iLiFE!【あいらいふ】,楽曲のプロモーション（音楽作品の発表）,MV,,iLiFE!【あいらいふ】,【MV】アイドルライフメガパック / iLiFE!【コール動画】,,3591325,未判定,2026-08-25,ミュージックビデオ,,https://www.youtube.com/watch?v=nRsTHcp3EwI
MV・ミュージックビデオ,サンリオキャラクターズ【公式】,楽曲のプロモーション（音楽作品の発表）,（種類からの既定）,,サンリオキャラクターズ【公式】,はぴだんぶい - はっぴーぷらねっと！,,263620,未判定,2026-08-25,ミュージックビデオ,,https://www.youtube.com/watch?v=_YK6Zw6L_jQ
参考外（急上昇・題材の取り違え）,とうや【AIイラストLab.】,不明（企業映像ではない）,（種類からの既定）,,とうや【AIイラストLab.】,【FF5】第四話 『ファリスの秘密』 AIでFFVを再現してみた  (Final Fantasy 5 AI generated movie),,62583,未判定,2026-08-26,AI動画生成,企業映像でない（急上昇・題材の取り違え）,https://www.youtube.com/watch?v=-uKfm56jWv8
参考外（急上昇・題材の取り違え）,Super Cat,不明（企業映像ではない）,（種類からの既定）,,Super Cat,AI 動画生成しようとした時,,29820,未判定,2026-08-26,AI動画生成,企業映像でない（急上昇・題材の取り違え）,https://www.youtube.com/watch?v=FiOW-6fwBEo
参考外（急上昇・題材の取り違え）,AI EXPLORE,操作・業務手順の教育（問い合わせ削減）,How to,,AI EXPLORE,Seedance 2.5 on RunningHub – How to Create Stunning AI Videos for Less,,33309,未判定,2026-08-26,AI動画生成,企業映像でない（急上昇・題材の取り違え）,https://www.youtube.com/watch?v=y-eC6tn-S7M
参考外（急上昇・題材の取り違え）,Noble Goose,不明（企業映像ではない）,（種類からの既定）,,Noble Goose,"The LATEST AI Video Generators Ranked: Who Does Anime BEST? (MiniMax H3, FLUX 3 Video, Seedance 2.5)",,14366,未判定,2026-08-26,AI動画生成,企業映像でない（急上昇・題材の取り違え）,https://www.youtube.com/watch?v=t6v0U_HnYGY
参考外（急上昇・題材の取り違え）,1分でわかる政治チャンネル,不明（企業映像ではない）,（種類からの既定）,,1分でわかる政治チャンネル,㊗️20万再生‼️【身内から出た!?】高市首相へのAI動画疑惑で立憲にブーメラン #高市早苗 #政治解説 #自民党,,209844,未判定,2026-08-26,AI動画生成,企業映像でない（急上昇・題材の取り違え）,https://www.youtube.com/watch?v=bM-eYCf-UIk
MV・ミュージックビデオ,Crazy Raccoon,楽曲のプロモーション（音楽作品の発表）,MV,,Crazy Raccoon,【MV】フライデーマジック,,713642,未判定,2026-08-27,ミュージックビデオ,,https://www.youtube.com/watch?v=hBuqarWjDz8
MV・ミュージックビデオ,MiniBloxia,楽曲のプロモーション（音楽作品の発表）,Official Music Video,,MiniBloxia,King of Rivals (Official Music Video),,290894,未判定,2026-08-27,ミュージックビデオ,,https://www.youtube.com/watch?v=FRCyHjGLKIw
MV・ミュージックビデオ,VIBEX,楽曲のプロモーション（音楽作品の発表）,Official Music Video,,VIBEX,VIBEX - Turn Off The Light (Official Music Video),,330160,未判定,2026-08-27,ミュージックビデオ,,https://www.youtube.com/watch?v=qlJjXKWRB-E
MV・ミュージックビデオ,HYBE LABELS,楽曲のプロモーション（音楽作品の発表）,MV,,HYBE LABELS,BOYNEXTDOOR (보이넥스트도어) 'Boom Boom Boom' Official MV,,1579720,未判定,2026-08-27,ミュージックビデオ,,https://www.youtube.com/watch?v=ntLoF0LnAwY
MV・ミュージックビデオ,星野源 Gen Hoshino,楽曲のプロモーション（音楽作品の発表）,Official Video,,星野源 Gen Hoshino,星野源 - 好き [Official Video],,5010034,未判定,2026-08-27,ミュージックビデオ,,https://www.youtube.com/watch?v=qf4kjBYR3O0
会社紹介・コーポレート,yu-ri Kojima,会社の信頼獲得（営業・採用の共通素材）,（種類からの既定）,,yu-ri Kojima,企業VP風ナレーション,,0,未判定,2026-08-28,企業VP,,https://www.youtube.com/watch?v=Wf124kflXmA
会社紹介・コーポレート,,サービス・商品の理解促進（検討中の見込み客向け）,サービス紹介,VideoEdit Kouhei,VideoEdit Kouhei,【企業VP】買取サービス『カウセル』　サービス紹介動画,,10,未判定,2026-08-28,企業VP,,https://www.youtube.com/watch?v=0joEcN3nlCw
会社紹介・コーポレート,エモトユキコ,会社の信頼獲得（営業・採用の共通素材）,（種類からの既定）,,エモトユキコ,ボイスサンプル(企業VP),,1,未判定,2026-08-28,企業VP,ボイスサンプル・ナレーターの営業,https://www.youtube.com/watch?v=0aHHAwOMp_4
会社紹介・コーポレート,西澤一浩ナレーター,会社の信頼獲得（営業・採用の共通素材）,（種類からの既定）,,西澤一浩ナレーター,【猫が働く】企業ＶＰ（宅録ナレーター西澤一浩）,,125,未判定,2026-08-28,企業VP,ボイスサンプル・ナレーターの営業,https://www.youtube.com/watch?v=ls5oDYcqu60
会社紹介・コーポレート,中城里香VOICE EXPRESS,会社の信頼獲得（営業・採用の共通素材）,（種類からの既定）,,中城里香VOICE EXPRESS,#ナレーション  #宅録 #ナレーター #声優 #企業 #vp,,229,未判定,2026-08-28,企業VP,ボイスサンプル・ナレーターの営業,https://www.youtube.com/watch?v=8jUdzxnY6cw
会社紹介・コーポレート,紅爪陽丞,会社の信頼獲得（営業・採用の共通素材）,（種類からの既定）,,紅爪陽丞,ボイスサンプル(2026)[ナレーション],,56,未判定,2026-08-29,企業VP,ボイスサンプル・ナレーターの営業,https://www.youtube.com/watch?v=BqyxRauHk9I
会社紹介・コーポレート,北島みな,会社の信頼獲得（営業・採用の共通素材）,（種類からの既定）,,北島みな,【北島みな】企業VP.CMナレーションボイスサンプル【ナレーター】,,1,未判定,2026-08-29,企業VP,ボイスサンプル・ナレーターの営業,https://www.youtube.com/watch?v=rwxd3-HEN5o
会社紹介・コーポレート,一ノ瀬陽,会社の信頼獲得（営業・採用の共通素材）,（種類からの既定）,,一ノ瀬陽,ナレーションサンプル動画 一ノ瀬陽【2026年】,,0,未判定,2026-08-30,企業VP,ボイスサンプル・ナレーターの営業,https://www.youtube.com/watch?v=WQ63_daqBsg
会社紹介・コーポレート,大企業中の人,会社の信頼獲得（営業・採用の共通素材）,（種類からの既定）,,大企業中の人,嘘の自己PRで大手企業に就職した男,,1622,未判定,2026-09-01,YouTubeで企業プロモーション,,https://www.youtube.com/watch?v=kOtX3XxHnww
会社紹介・コーポレート,やばいぜ舞鶴 〜森本たかしならこう変える〜2026年 舞鶴市議会議員選挙 立候補予定,会社の信頼獲得（営業・採用の共通素材）,（種類からの既定）,,やばいぜ舞鶴 〜森本たかしならこう変える〜2026年 舞鶴市議会議員選挙 立候補予定,舞鶴の成人式が異常　企業PRに制服をランウエイで披露？,,1230,未判定,2026-09-01,YouTubeで企業プロモーション,,https://www.youtube.com/watch?v=5gv-F5FdIMQ
会社紹介・コーポレート,RockMine,会社の信頼獲得（営業・採用の共通素材）,（種類からの既定）,,RockMine,FREE PR FOR RECORD STORES? Detroit Bob's Viral YouTube Pitch! #shorts,,947,未判定,2026-09-01,YouTubeで企業プロモーション,ショート動画,https://www.youtube.com/watch?v=RRHvXCw66dw
会社紹介・コーポレート,,会社の信頼獲得（営業・採用の共通素材）,（種類からの既定）,15秒動画製作所【株式会社SIORU】,15秒動画製作所【株式会社SIORU】,【企業PR動画 制作事例】既存のポスターデザインを利用した15秒のプロモーション動画制作 #縦型ショート,,391,未判定,2026-09-01,YouTubeで企業プロモーション,,https://www.youtube.com/watch?v=uQMj_VuSg9I
会社紹介・コーポレート,Sai&Co.,会社の信頼獲得（営業・採用の共通素材）,（種類からの既定）,,Sai&Co.,【動画・配信・企業PR向け】高品質オリジナルBGM・CMソング・イメージソング制作 #デリート社長 #drone #広報pr,,340,未判定,2026-09-01,YouTubeで企業プロモーション,BGM・音源の見本,https://www.youtube.com/watch?v=gRhX-bFvgko
会社紹介・コーポレート,ナレーター　藤岡 健一郎,会社の信頼獲得（営業・採用の共通素材）,（種類からの既定）,,ナレーター　藤岡 健一郎,【ボイスサンプル】和風・伝統行事VP風（重厚・低音・煽り）｜ナレーター 藤岡健一郎,,0,未判定,2026-09-01,企業VP,ボイスサンプル・ナレーターの営業,https://www.youtube.com/watch?v=NXBpZ4-XVgY
会社紹介・コーポレート,Award-Winning Japanese Voiceover - 母のような優しい声のナレーター,会社の信頼獲得（営業・採用の共通素材）,（種類からの既定）,,Award-Winning Japanese Voiceover - 母のような優しい声のナレーター,Japanese Corporate Voiceover Reel | Professional Japanese Narration | Natsuko Yamazaki｜企業動画ナレーション,,10,未判定,2026-09-01,企業VP,ボイスサンプル・ナレーターの営業,https://www.youtube.com/watch?v=vYVf1XX-QFg
会社紹介・コーポレート,irisvoice,会社の信頼獲得（営業・採用の共通素材）,（種類からの既定）,,irisvoice,企業VPサンプル（宮﨑愛里ver）,,9,未判定,2026-09-01,企業VP,サンプル・見本そのもの,https://www.youtube.com/watch?v=fNMZ9g3vFXA
会社紹介・コーポレート,irisvoice,会社の信頼獲得（営業・採用の共通素材）,（種類からの既定）,,irisvoice,企業VPサンプル（日和みか子ver）,,9,未判定,2026-09-01,企業VP,サンプル・見本そのもの,https://www.youtube.com/watch?v=zX4ITXWZMKk
会社紹介・コーポレート,ナレーター　藤岡 健一郎,会社の信頼獲得（営業・採用の共通素材）,（種類からの既定）,,ナレーター　藤岡 健一郎,⁠【ボイスサンプル】企業VP・ネイチャードキュメント風（優しい・温かい）｜ナレーター 藤岡健一郎,,0,未判定,2026-09-01,企業VP,ボイスサンプル・ナレーターの営業,https://www.youtube.com/watch?v=pb1zFqMr0mw
会社紹介・コーポレート,フィールズ株式会社　公式チャンネル,会社の信頼獲得（営業・採用の共通素材）,（種類からの既定）,,フィールズ株式会社　公式チャンネル,【公式】「Ｐ 新世紀エヴァンゲリオン -319 RED-」プロモーションムービー第1弾,,333906,未判定,2026-09-01,会社プロモーション,,https://www.youtube.com/watch?v=vpDxJDegw-k
会社紹介・コーポレート,フィールズ株式会社　公式チャンネル,会社の信頼獲得（営業・採用の共通素材）,（種類からの既定）,,フィールズ株式会社　公式チャンネル,【公式】「e 無職転生 〜異世界行ったら本気だす〜」プロモーションムービー第2弾,,124316,未判定,2026-09-01,会社プロモーション,,https://www.youtube.com/watch?v=lLK5mVLKy7k
会社紹介・コーポレート,フィールズ株式会社　公式チャンネル,会社の信頼獲得（営業・採用の共通素材）,（種類からの既定）,,フィールズ株式会社　公式チャンネル,【公式】「Lパチスロ ゴジラ対エヴァンゲリオン ２」プロモーションムービー第1弾,,29972,未判定,2026-09-01,会社プロモーション,,https://www.youtube.com/watch?v=FsmNHAQRG28
会社紹介・コーポレート,日本ペイント株式会社,会社の信頼獲得（営業・採用の共通素材）,（種類からの既定）,,日本ペイント株式会社,【日本ペイント】nax E-CUBE WBX プロモーションビデオ,,4256,未判定,2026-09-01,会社プロモーション,,https://www.youtube.com/watch?v=0JgyVv5qiQE
会社紹介・コーポレート,大神工業YOUTUBE公式チャンネル,会社の信頼獲得（営業・採用の共通素材）,（種類からの既定）,,大神工業YOUTUBE公式チャンネル,【本編】大神工業プロモーションムービー,,2382,未判定,2026-09-01,会社プロモーション,,https://www.youtube.com/watch?v=3cK_NLGF2Xg
会社紹介・コーポレート,株式会社紹介,会社の信頼獲得（営業・採用の共通素材）,会社紹介,,杉山運輸リクルートチャンネル,杉山運輸株式会社紹介,,66431,未判定,2026-09-01,会社紹介,,https://www.youtube.com/watch?v=F-IST8VWd1M
会社紹介・コーポレート,原田建設有限会社,会社の信頼獲得（営業・採用の共通素材）,（種類からの既定）,,原田建設有限会社,原田建設有限会社 紹介動画,,26352,未判定,2026-09-01,会社紹介,,https://www.youtube.com/watch?v=utI9RpZUasg
会社紹介・コーポレート,山田社長【株式会社KYOSHIN】,会社の信頼獲得（営業・採用の共通素材）,会社紹介,,山田社長【株式会社KYOSHIN】,29歳足場屋社長の会社紹介,,11880,未判定,2026-09-01,会社紹介,,https://www.youtube.com/watch?v=7QLe4WnQlXA
会社紹介・コーポレート,ファミリーグループリクルート,会社の信頼獲得（営業・採用の共通素材）,会社紹介,,ファミリーグループリクルート,ファミリーグループ｜ファミリー工房会社紹介,,10253,未判定,2026-09-01,会社紹介,,https://www.youtube.com/watch?v=aulKWextxpY
会社紹介・コーポレート,株式会社コージーを宜しくお願いします。,会社の信頼獲得（営業・採用の共通素材）,会社紹介,,漢ちゃんねる,【会社紹介】株式会社コージーを宜しくお願いします。,,8400,未判定,2026-09-01,会社紹介,,https://www.youtube.com/watch?v=3APTFUVku54
会社紹介・コーポレート,サイオスグループ,会社の信頼獲得（営業・採用の共通素材）,（種類からの既定）,,サイオスグループ,【SIOSグループ】「SIOS INNOVATORS」,,21,未判定,2026-09-02,コーポレートムービー,,https://www.youtube.com/watch?v=usM-h3_-Dis
会社紹介・コーポレート,big picture stars,会社の信頼獲得（営業・採用の共通素材）,（種類からの既定）,,big picture stars,動画作成しない企業は淘汰される。デジタル進化論の残酷な罠    #採用#地方創生#マーケティング#ブランディング#動画作成,,465,未判定,2026-09-03,企業 ブランディング 動画,,https://www.youtube.com/watch?v=ZhdZyDF18fw
会社紹介・コーポレート,,会社の信頼獲得（営業・採用の共通素材）,（種類からの既定）,Filmproduktion › Videoproduktion  LANIZMEDIA,Filmproduktion › Videoproduktion  LANIZMEDIA,"Videoproduktion München für Unternehmen | Imagefilm, Unternehmensfilm  – LANIZMEDIA GMBH",,57,未判定,2026-09-03,企業 ブランディング 動画,,https://www.youtube.com/watch?v=uAu8lr34osE
参考外（急上昇・題材の取り違え）,あおい(あるぐ),不明（企業映像ではない）,（種類からの既定）,,あおい(あるぐ),もっとかわいい写真もあるよ？？だから他の動画もみて #失恋 #元カノ　#男の娘　#女装　#女装男子,,49754,未判定,2026-09-04,他の動画ない,企業映像でない（急上昇・題材の取り違え）,https://www.youtube.com/watch?v=Y-iOQOxWwvw
参考外（急上昇・題材の取り違え）,タンス,不明（企業映像ではない）,（種類からの既定）,,タンス,ちょっと違うかも、ほかの動画のパクリみたいになってるかもしんないです,,8392,未判定,2026-09-04,他の動画ない,企業映像でない（急上昇・題材の取り違え）,https://www.youtube.com/watch?v=foc7GT9bP-k
参考外（急上昇・題材の取り違え）,roblox初心者ゲーム開発者,不明（企業映像ではない）,（種類からの既定）,,roblox初心者ゲーム開発者,このマップ遊んだことない人は他の動画もチェック！#roblox #ロブロックス,,3800,未判定,2026-09-04,他の動画ない,企業映像でない（急上昇・題材の取り違え）,https://www.youtube.com/watch?v=pSM2Qt518LI
参考外（急上昇・題材の取り違え）,roblox初心者ゲーム開発者,不明（企業映像ではない）,（種類からの既定）,,roblox初心者ゲーム開発者,このマップ遊んだことない人は他の動画をチェック！ #roblox #ロブロックス,,1324,未判定,2026-09-04,他の動画ない,企業映像でない（急上昇・題材の取り違え）,https://www.youtube.com/watch?v=MqA4lfK6_nQ
参考外（急上昇・題材の取り違え）,るるぴよ,不明（企業映像ではない）,（種類からの既定）,,るるぴよ,1日20本目ネタがないです。他の動画も見てね。,,101,未判定,2026-09-04,他の動画ない,企業映像でない（急上昇・題材の取り違え）,https://www.youtube.com/watch?v=GPr97vkwiTg
会社紹介・コーポレート,DXイズム,会社の信頼獲得（営業・採用の共通素材）,（種類からの既定）,,DXイズム,AIに選ばれる企業はYouTubeを使う？,,843,未判定,2026-09-04,企業プロモーションビデオでYouTube検索,,https://www.youtube.com/watch?v=JGPX27Fq3K8
会社紹介・コーポレート,株式会社#会社紹介#1日密着#女性ビューティーア,会社の信頼獲得（営業・採用の共通素材）,会社紹介,,シミズ薬品株式会社,ドラックストアの女性ビューティーアドバイザーの1日に密着！！#ドラッグストア#ダックス#シミズ薬品株式会社#会社紹介#1日密着#女性ビューティーアドバイザー,,1301,未判定,2026-09-04,会社紹介 密着,,https://www.youtube.com/watch?v=hUFSiicmm60
会社紹介・コーポレート,出荷＃倉庫＃自動倉庫＃正社員＃梱包＃お客,会社の信頼獲得（営業・採用の共通素材）,会社紹介,,やまにんTV【会社の日常】,＃６８【会社紹介！！普段は見えないヤマニパッケージ業務課の実態とは！？】ヤマニパッケージ業務課密着してみた！！＃ヤマニパッケージ＃岐阜＃業務課＃トラック＃出荷＃倉庫＃自動倉庫＃正社員＃梱包＃お客様,,184,未判定,2026-09-04,会社紹介 密着,本編でない（舞台裏・反応・切り抜き）,https://www.youtube.com/watch?v=fu3ZMfvupiM
会社紹介・コーポレート,Lamifa Yasuda,商品・サービスの認知獲得（広告出稿）,CM,,Lamifa Yasuda,【Commercial Music Reel】映像・CM・企業VP向けBGM作品集｜Composer / 安田ラミファ,,40,未判定,2026-09-05,企業VP,BGM・音源の見本,https://www.youtube.com/watch?v=oLRSSmB7h9g
会社紹介・コーポレート,irisvoice,会社の信頼獲得（営業・採用の共通素材）,（種類からの既定）,,irisvoice,企業VPサンプル（音瀬麻美ver）,,37,未判定,2026-09-05,企業VP,サンプル・見本そのもの,https://www.youtube.com/watch?v=zrJcX91bTSg
会社紹介・コーポレート,irisvoice,会社の信頼獲得（営業・採用の共通素材）,（種類からの既定）,,irisvoice,企業VPサンプル（秋月舞花ver）,,32,未判定,2026-09-05,企業VP,サンプル・見本そのもの,https://www.youtube.com/watch?v=NzyCqsQbV0s
会社紹介・コーポレート,小夏のEuTube,サービス・商品の理解促進（検討中の見込み客向け）,商品紹介,,小夏のEuTube,動画編集ポートフォリオ｜企業VP・商品紹介・SNS広告対応｜小夏,,15,未判定,2026-09-05,企業VP,制作者のポートフォリオ,https://www.youtube.com/watch?v=qs6HUNDwLuQ
会社紹介・コーポレート,N・T channel,会社の信頼獲得（営業・採用の共通素材）,（種類からの既定）,,N・T channel,【企業VP】【ボイスサンプル】漆塗り,,50,未判定,2026-09-06,企業VP,ボイスサンプル・ナレーターの営業,https://www.youtube.com/watch?v=FxMcBOcCcqA
会社紹介・コーポレート,ナレーター　藤岡 健一郎,会社の信頼獲得（営業・採用の共通素材）,（種類からの既定）,,ナレーター　藤岡 健一郎,⁠【ボイスサンプル】展示映像・企業解説VP風（知的・クリア・淡々）｜ナレーター 藤岡健一郎,,1,未判定,2026-09-06,企業VP,ボイスサンプル・ナレーターの営業,https://www.youtube.com/watch?v=A9FH4LI00gI
会社紹介・コーポレート,Enokido - Topic,会社の信頼獲得（営業・採用の共通素材）,（種類からの既定）,,Enokido - Topic,企業VPに爽やかアコースティックギターとピアノとチェロ,,1,未判定,2026-09-07,企業VP,,https://www.youtube.com/watch?v=SEwkuCc0B0w
参考外（急上昇・題材の取り違え）,ネスレ日本公式チャンネル,不明（企業映像ではない）,（種類からの既定）,,ネスレ日本公式チャンネル,ネスレ日本 ハシレ ネスレ「未来が拍手することを、今。」15秒篇,,58295262,未判定,2026-09-08,今,企業映像でない（急上昇・題材の取り違え）,https://www.youtube.com/watch?v=cr3ekwUuOI0
参考外（急上昇・題材の取り違え）,ネスレ日本公式チャンネル,不明（企業映像ではない）,（種類からの既定）,,ネスレ日本公式チャンネル,ネスレ日本 ハシレ ネスレ「未来が拍手することを、今。」30秒篇,,19358083,未判定,2026-09-08,今,企業映像でない（急上昇・題材の取り違え）,https://www.youtube.com/watch?v=Xw4xlyT27G0
参考外（急上昇・題材の取り違え）,いいべ情報局,不明（企業映像ではない）,（種類からの既定）,,いいべ情報局,今のうちにしっかり勉強しようw,,11581283,未判定,2026-09-08,今,企業映像でない（急上昇・題材の取り違え）,https://www.youtube.com/watch?v=hPRs6OKv6Nc
参考外（急上昇・題材の取り違え）,Airi帰国 X Xちゃんねる,不明（企業映像ではない）,（種類からの既定）,,Airi帰国 X Xちゃんねる,今からでもタイムスリップしてきていい？#平安時代#おちょぼ口#フィルター,,5714307,未判定,2026-09-08,今,企業映像でない（急上昇・題材の取り違え）,https://www.youtube.com/watch?v=JFZWc2L52l8
参考外（急上昇・題材の取り違え）,TVアニメ【推しの子】公式チャンネル,不明（企業映像ではない）,（種類からの既定）,,TVアニメ【推しの子】公式チャンネル,『今、反動が来てる……♡』『極端すぎるわ！！』 #推しの子  #アニメ #oshinoko #anime,,5627126,未判定,2026-09-08,今,企業映像でない（急上昇・題材の取り違え）,https://www.youtube.com/watch?v=QKtumFCwUv8
会社紹介・コーポレート,#9th - Topic,会社の信頼獲得（営業・採用の共通素材）,（種類からの既定）,,#9th - Topic,爽やかで優しい企業VP向けアコースティックBGM,,1,未判定,2026-09-08,企業VP,BGM・音源の見本,https://www.youtube.com/watch?v=iUIByPi8B5M
参考外（急上昇・題材の取り違え）,【脱力ラジオ】from びわ湖,不明（企業映像ではない）,（種類からの既定）,,【脱力ラジオ】from びわ湖,【1354】稼げなくなったら、再度リサーチからみっちりやってみよ,,12,未判定,2026-09-09,YouTube,企業映像でない（急上昇・題材の取り違え）,https://www.youtube.com/watch?v=aRQVDo1V96k
会社紹介・コーポレート,,会社の信頼獲得（営業・採用の共通素材）,会社紹介,株式会社トラストスタジオ,株式会社トラストスタジオ,【制作実績】企業向けの映像制作をトータルサポート｜採用・会社紹介・SNS動画｜トラストスタジオ,,20,未判定,2026-09-09,会社紹介動画 制作事例,,https://www.youtube.com/watch?v=Q5R4aonM7P4
会社紹介・コーポレート,amana INSIGHTS,会社の信頼獲得（営業・採用の共通素材）,会社紹介,,amana INSIGHTS,ヨコオ｜新VIを体現する会社紹介動画とコーポレートサイト トップページ改修,195,167,実物,2026-10-07,コーポレートムービー 制作事例,,https://www.youtube.com/watch?v=TsVPFbxr4pg
会社紹介・コーポレート,株式会社ホープン,会社の信頼獲得（営業・採用の共通素材）,（種類からの既定）,,株式会社ホープン,【 #ホープン 】#動画制作事例 のご紹介,,60,未判定,2026-09-09,会社紹介動画 制作事例,,https://www.youtube.com/watch?v=MoI7pCL8V6U
会社紹介・コーポレート,栄商事,会社の信頼獲得（営業・採用の共通素材）,会社紹介,湘南・企業PR動画,Lucille-SHONAN,【湘南・企業PR動画制作】栄商事様 会社紹介PV｜店舗・企業の魅力を伝えるインタビュー＆ブランディング映像【藤沢・鎌倉・茅ヶ崎・平塚】,,42,未判定,2026-09-09,会社紹介動画 制作事例,,https://www.youtube.com/watch?v=7J6TFJstdWg
会社紹介・コーポレート,NRIセキュアテクノロジーズ株式会社,サービス・商品の理解促進（検討中の見込み客向け）,サービス紹介,Crevo,動画制作会社Crevo (クレボ),NRIセキュアテクノロジーズ株式会社｜サービス紹介紹介動画「セキュアEggs」（Crevo制作実績）,,434,未判定,2026-09-09,会社紹介動画 制作事例,,https://www.youtube.com/watch?v=aKNrQNm_MfU
会社紹介・コーポレート,ルミナスビューティークリニック,会社の信頼獲得（営業・採用の共通素材）,（種類からの既定）,,まさや,【企業CM制作事例】ルミナスビューティークリニック 様｜会社PR動画｜Smart Vision,,10,未判定,2026-09-10,会社紹介動画 制作事例,,https://www.youtube.com/watch?v=Krhl7bDSsos
会社紹介・コーポレート,brutalles,会社の信頼獲得（営業・採用の共通素材）,（種類からの既定）,,brutalles,Breathedge 2 The Funniest Space Survival Game is BACK!,,585,未判定,2026-09-10,会社紹介動画 制作事例,,https://www.youtube.com/watch?v=mn2uGjHXLso
会社紹介・コーポレート,印刷会社のポプルス,会社の信頼獲得（営業・採用の共通素材）,（種類からの既定）,,印刷会社のポプルス,イラスト→3Dオプション制作事例 23｜ポプルス3Dプリントサービス #shorts #POPLS #ポプルス,,48,未判定,2026-09-10,会社紹介動画 制作事例,ショート動画,https://www.youtube.com/watch?v=jbJnkAii1Mc
会社紹介・コーポレート,株式会社SORAMICHI,会社の信頼獲得（営業・採用の共通素材）,会社紹介,,SORAMICHI,株式会社SORAMICHI 会社紹介映像,,65,未判定,2026-09-10,会社紹介動画 制作事例,,https://www.youtube.com/watch?v=RTv3jBYcFXM
会社紹介・コーポレート,中電不動産株式会社,会社の信頼獲得（営業・採用の共通素材）,会社紹介,,中電不動産株式会社,中電不動産　会社紹介動画ダイジェスト版,,10,未判定,2026-09-10,会社紹介動画 制作事例,,https://www.youtube.com/watch?v=GkEEVwbmQCw
参考外（急上昇・題材の取り違え）,ぐるぐる,不明（企業映像ではない）,（種類からの既定）,,ぐるぐる,妻たちのグループチャットの恐るべき実行力w,,1786945,未判定,2026-09-10,実行,企業映像でない（急上昇・題材の取り違え）,https://www.youtube.com/watch?v=81hKNL3Eewc
参考外（急上昇・題材の取り違え）,Lazy Lie Crazy【レイクレ】,不明（企業映像ではない）,（種類からの既定）,,Lazy Lie Crazy【レイクレ】,右足の久保、スーパープレイで有言実行www#サッカー#W杯#久保建英#右久保,,1484264,未判定,2026-09-10,実行,企業映像でない（急上昇・題材の取り違え）,https://www.youtube.com/watch?v=LCE-8kpv_JU
参考外（急上昇・題材の取り違え）,全力回避フラグちゃん! / Flag Chan!,不明（企業映像ではない）,（種類からの既定）,,全力回避フラグちゃん! / Flag Chan!,少年たちが完璧な作戦を実行した結果…,,1392312,未判定,2026-09-10,実行,企業映像でない（急上昇・題材の取り違え）,https://www.youtube.com/watch?v=2tDCWzbvLZU
参考外（急上昇・題材の取り違え）,Snow Man,不明（企業映像ではない）,（種類からの既定）,,Snow Man,Snow Man official【マニフェストを実行せよ！】ドッキリ裏側未公開😆,,1306314,未判定,2026-09-10,実行,企業映像でない（急上昇・題材の取り違え）,https://www.youtube.com/watch?v=iUVM6jd9-64
参考外（急上昇・題材の取り違え）,HoneyWorks OFFICIAL,不明（企業映像ではない）,（種類からの既定）,,HoneyWorks OFFICIAL,かわいいは常識♡ feat. 綾瀬クロエ（CV：伊藤美来）／HoneyWorks,,1237065,未判定,2026-09-10,実行,企業映像でない（急上昇・題材の取り違え）,https://www.youtube.com/watch?v=k7h-bGKWOeY
会社紹介・コーポレート,TOPPANグループ公式チャンネル / TOPPAN Group Official Channel,会社の信頼獲得（営業・採用の共通素材）,会社紹介,,TOPPANグループ公式チャンネル / TOPPAN Group Official Channel,90秒でわかるTOPPAN（会社紹介映像）※2026年9月更新版,,626,未判定,2026-09-11,会社紹介動画 制作事例,,https://www.youtube.com/watch?v=-Kji0PlJjjo
会社紹介・コーポレート,千代田精機）,会社の信頼獲得（営業・採用の共通素材）,会社紹介,,千代田精機）,会社紹介動画（CHIYODA,,36,未判定,2026-09-11,会社紹介動画 制作事例,,https://www.youtube.com/watch?v=PS_bktIUgWw
会社紹介・コーポレート,伊藤忠マシンテクノス株式会社,会社の信頼獲得（営業・採用の共通素材）,会社紹介,LOCUS,動画制作の株式会社LOCUS,【会社紹介動画】伊藤忠マシンテクノス株式会社様（LOCUS制作実績）,,52,未判定,2026-09-11,会社紹介動画 制作事例,,https://www.youtube.com/watch?v=Naza7XB3ouY
会社紹介・コーポレート,"三洋化成工業株式会社 (Sanyo Chemical Industries, Ltd.)",会社の信頼獲得（営業・採用の共通素材）,会社紹介,,"三洋化成工業株式会社 (Sanyo Chemical Industries, Ltd.)",会社紹介動画,,38,未判定,2026-09-11,会社紹介動画 制作事例,,https://www.youtube.com/watch?v=NBEY69esppA
会社紹介・コーポレート,ねぎお社長のAI時代のWebマーケティング・SEOチャンネル,会社の信頼獲得（営業・採用の共通素材）,（種類からの既定）,,ねぎお社長のAI時代のWebマーケティング・SEOチャンネル,【実録】WEB制作はSEO会社に任せろ！爆速・格安・丸投げOKの制作事例大公開 #shorts ＃SEO #SEO対策 #AI #WEB制作 #爆速 #格安 #丸投げ #ねぎお社長,,1131,未判定,2026-09-11,会社紹介動画 制作事例,ショート動画,https://www.youtube.com/watch?v=PfEx7wg8kE0
会社紹介・コーポレート,株式会社業「考えるとワクワクする篇」,会社の信頼獲得（営業・採用の共通素材）,（種類からの既定）,,アイデアル[イベント・映像],テレビCM 制作事例｜淵本重工株式会社業「考えるとワクワクする篇」,,46,未判定,2026-09-12,会社紹介動画 制作事例,,https://www.youtube.com/watch?v=0G5ha5gEzkM
会社紹介・コーポレート,ビジネスブレイン太田昭和 (BBS Group),会社の信頼獲得（営業・採用の共通素材）,会社紹介,,ビジネスブレイン太田昭和 (BBS Group),BBS会社紹介動画,,341,未判定,2026-09-12,会社紹介動画 制作事例,,https://www.youtube.com/watch?v=Uo8Y51E_sfA
会社紹介・コーポレート,株式会社益進,会社の信頼獲得（営業・採用の共通素材）,会社紹介,,株式会社益進(えきしん),【flovaによる生成動画】採用向け会社紹介動画【株式会社益進】,,79,未判定,2026-09-12,会社紹介動画 制作事例,,https://www.youtube.com/watch?v=IFfKwyX2ukI
会社紹介・コーポレート,パーソルクロステクノロジー株式会社,会社の信頼獲得（営業・採用の共通素材）,会社紹介,,パーソルクロステクノロジー株式会社,【パーソルクロステクノロジー】会社紹介動画,,231,未判定,2026-09-12,会社紹介動画 制作事例,,https://www.youtube.com/watch?v=7DJ0cv23w3E
会社紹介・コーポレート,株式会社トライアンフ,会社の信頼獲得（営業・採用の共通素材）,会社紹介,,株式会社トライアンフ,株式会社トライアンフ 会社紹介動画,,60,未判定,2026-09-12,会社紹介動画 制作事例,,https://www.youtube.com/watch?v=mVnVI_tDZbo
会社紹介・コーポレート,Company,会社の信頼獲得（営業・採用の共通素材）,（種類からの既定）,,株式会社リッチメーカー,【制作実績】株式会社Tufe Company 様｜「Job Done Bot」サービス紹介動画（2024）｜株式会社リッチメーカー,,57,未判定,2026-09-13,会社紹介動画 制作事例,,https://www.youtube.com/watch?v=mW3S70MCK3U
会社紹介・コーポレート,MINA HASHIMOTO,会社の信頼獲得（営業・採用の共通素材）,（種類からの既定）,,MINA HASHIMOTO,制作事例「藤木真由美様本ムービー」,,12,未判定,2026-09-13,会社紹介動画 制作事例,,https://www.youtube.com/watch?v=ugRQov8lc5A
会社紹介・コーポレート,エル・アバンダンス株式会社,会社の信頼獲得（営業・採用の共通素材）,（種類からの既定）,,株式会社リッチメーカー,【制作実績】エル・アバンダンス株式会社 様｜L・Aドローン サービス紹介動画（2026）｜株式会社リッチメーカー,,39,未判定,2026-09-13,会社紹介動画 制作事例,,https://www.youtube.com/watch?v=GdL2JaV7rSs
会社紹介・コーポレート,オリックス公式チャンネル,会社の信頼獲得（営業・採用の共通素材）,会社紹介,,オリックス公式チャンネル,会社紹介映像 歴史編,,88,未判定,2026-09-13,会社紹介動画 制作事例,,https://www.youtube.com/watch?v=zII6newnKXA
会社紹介・コーポレート,あさひ台幼稚園,会社の信頼獲得（営業・採用の共通素材）,（種類からの既定）,,レタリアチャンネル,【制作実績】あさひ台幼稚園様「Concept movie」,,64,未判定,2026-09-13,会社紹介動画 制作事例,,https://www.youtube.com/watch?v=Qmqr8lzOWy8
会社紹介・コーポレート,上野不動産株式会社,会社の信頼獲得（営業・採用の共通素材）,会社紹介,,株式会社リッチメーカー,【制作実績】上野不動産株式会社 様｜会社紹介動画（2026）｜株式会社リッチメーカー,,40,未判定,2026-09-14,会社紹介動画 制作事例,,https://www.youtube.com/watch?v=76txWFZvYxY
会社紹介・コーポレート,ユニバーサル園芸社採用,会社の信頼獲得（営業・採用の共通素材）,会社紹介,,ユニバーサル園芸社採用,【会社紹介動画】観葉植物で心地よい空間を創造するプロフェッショナル！日本だけでなく世界にも進出する園芸会社　㈱ユニバーサル園芸社,,67,未判定,2026-09-14,会社紹介動画 制作事例,,https://www.youtube.com/watch?v=CAikJ_ouaf4
会社紹介・コーポレート,大同特殊鋼,会社の信頼獲得（営業・採用の共通素材）,会社紹介,,大同特殊鋼,大同特殊鋼　会社紹介動画「何になる？大同特殊鋼」,,500,未判定,2026-09-14,会社紹介動画 制作事例,,https://www.youtube.com/watch?v=NJXapCbnjts
会社紹介・コーポレート,株式会社業,商品・サービスの認知獲得（広告出稿）,CM,,アイデアル[イベント・映像],CM 制作事例｜淵本重工株式会社業様「休みでリフレッシュ篇」,,76,未判定,2026-09-14,会社紹介動画 制作事例,,https://www.youtube.com/watch?v=Z9ggeqJ1KJM
会社紹介・コーポレート,クロスオンチャンネル,会社の信頼獲得（営業・採用の共通素材）,（種類からの既定）,,クロスオンチャンネル,【制作事例】仕事紹介・採用,,3,未判定,2026-09-14,会社紹介動画 制作事例,,https://www.youtube.com/watch?v=Npa_oLXtsz8
会社紹介・コーポレート,"株式会社PEGASUS【ペガサスミシン,Pegasus Sewing Machine】",会社の信頼獲得（営業・採用の共通素材）,会社紹介,,"株式会社PEGASUS【ペガサスミシン,Pegasus Sewing Machine】",【PEGASUS】会社紹介動画（本当の品質はそう簡単に見えない）,,86,未判定,2026-09-15,会社紹介動画 制作事例,,https://www.youtube.com/watch?v=xSsFP91ZV3A
会社紹介・コーポレート,株式会社＜特別養護老人ホーム＞求人用動画：制作実,採用（応募者の集客・入社前の理解）,求人,,CMS株式会社,CMS株式会社＜特別養護老人ホーム＞求人用動画：制作実績例,,8,未判定,2026-09-15,会社紹介動画 制作事例,,https://www.youtube.com/watch?v=fAB90pA4GsE
会社紹介・コーポレート,ポートフォリオ@AI動画クリエーターNORI,会社の信頼獲得（営業・採用の共通素材）,（種類からの既定）,,ポートフォリオ@AI動画クリエーターNORI,【制作事例】撮影なしで作るブランドイメージ動画｜サプリメント 20秒（AI動画制作）,,43,未判定,2026-09-15,会社紹介動画 制作事例,制作者個人の営業チャンネル,https://www.youtube.com/watch?v=bcivGhWk2e4
会社紹介・コーポレート,印刷会社のポプルス,会社の信頼獲得（営業・採用の共通素材）,（種類からの既定）,,印刷会社のポプルス,制作事例 24｜TAMAコミ11キャラデザコンテスト賞品 #shorts #POPLS #ポプルス #TAMAコミ,,101,未判定,2026-09-15,会社紹介動画 制作事例,ショート動画,https://www.youtube.com/watch?v=mONfomP_kIM
会社紹介・コーポレート,ギガフォトン株式会社,会社の信頼獲得（営業・採用の共通素材）,会社紹介,,Gigaphoton Web,ギガフォトン株式会社 - 会社紹介動画　ダイジェスト版（日本語）Gigpahoton Inc. Introduction - Japanese,,3,未判定,2026-09-15,会社紹介動画 制作事例,,https://www.youtube.com/watch?v=zibPNgFFki8
会社紹介・コーポレート,近隣家屋調査士認定協会,会社の信頼獲得（営業・採用の共通素材）,（種類からの既定）,,【お絵かきムービー】クリエイター おかきよ,【制作事例】一般社団法人 近隣家屋調査士認定協会様★ご紹介ムービー★怪獣＆ヒーロー編,,83,未判定,2026-09-16,会社紹介動画 制作事例,,https://www.youtube.com/watch?v=l7tWGtthHeE
会社紹介・コーポレート,日弘商会,会社の信頼獲得（営業・採用の共通素材）,会社紹介,,日弘商会,日弘商会 会社紹介動画,,19,未判定,2026-09-16,会社紹介動画 制作事例,,https://www.youtube.com/watch?v=TM0KaUTcbGU
会社紹介・コーポレート,いたばしトゲトゲ,会社の信頼獲得（営業・採用の共通素材）,会社紹介,,いたばしトゲトゲ,会社紹介動画作ってみました,,198,未判定,2026-09-16,会社紹介動画 制作事例,,https://www.youtube.com/watch?v=rOez1q9zyaA
会社紹介・コーポレート,ギガフォトン株式会社,会社の信頼獲得（営業・採用の共通素材）,会社紹介,,Gigaphoton Web,ギガフォトン株式会社 - 会社紹介動画　（日本語）Gigaphoton Inc. Introduction - Japanese,,9,未判定,2026-09-16,会社紹介動画 制作事例,,https://www.youtube.com/watch?v=g-an4YHWzDE
会社紹介・コーポレート,株式会社ハックスター,会社の信頼獲得（営業・採用の共通素材）,会社紹介,,株式会社ハックスター,Huckster 会社紹介動画,,54,未判定,2026-09-16,会社紹介動画 制作事例,,https://www.youtube.com/watch?v=upNJL-feMM0
MV・ミュージックビデオ,浜田省吾 Official YouTube Channel,楽曲のプロモーション（音楽作品の発表）,（種類からの既定）,,浜田省吾 Official YouTube Channel,Period of Blue 1990 (Concert Intermission Version),,184145,未判定,2026-09-21,ミュージックビデオ,,https://www.youtube.com/watch?v=AMHVGnF03LU
MV・ミュージックビデオ,浜田省吾 Official YouTube Channel,楽曲のプロモーション（音楽作品の発表）,（種類からの既定）,,浜田省吾 Official YouTube Channel,Period of Blue 1990 (Concert Intermission Version),,184145,未判定,2026-09-21,ミュージックビデオ,,https://www.youtube.com/watch?v=Fj-y5R7fSGU
MV・ミュージックビデオ,Oseremen,楽曲のプロモーション（音楽作品の発表）,（種類からの既定）,,Oseremen,"What Nathan Fillion loves about Prague #creepy #prague #legend #horror (Green Lantern, Guy Gardner)",,1180354,未判定,2026-09-21,ミュージックビデオ,,https://www.youtube.com/watch?v=50FspjUF2P0
MV・ミュージックビデオ,Velvet l,楽曲のプロモーション（音楽作品の発表）,Official Music Video,,Velvet l,VELVET I – Love Me In Silence (Official Music Video),,252545,未判定,2026-09-21,ミュージックビデオ,,https://www.youtube.com/watch?v=Kh2R6ZTwGg4
MV・ミュージックビデオ,World Star Trends,楽曲のプロモーション（音楽作品の発表）,（種類からの既定）,,World Star Trends,Time Rappers Were Saved by Bodyguard 😟,,154275,未判定,2026-09-21,ミュージックビデオ,,https://www.youtube.com/watch?v=UG50byFAeoQ
MV・ミュージックビデオ,Eigi and AI,楽曲のプロモーション（音楽作品の発表）,（種類からの既定）,,Eigi and AI,Solmi AI – AI Music Video Generator with Lip-Sync & Beat-Synced Cuts,,124384,未判定,2026-09-21,ミュージックビデオ,,https://www.youtube.com/watch?v=BxYcvDsmMqo
MV・ミュージックビデオ,西端優樹,採用（応募者の集客・入社前の理解）,募集,,西端優樹,【制作事例】音楽教室 生徒募集プロモーション チェロ｜福井市,,10,未判定,2026-09-21,会社紹介動画 制作事例、ミュージックビデオ,,https://www.youtube.com/watch?v=9OPxEvHa6CM
MV・ミュージックビデオ,MITSUKAL,楽曲のプロモーション（音楽作品の発表）,（種類からの既定）,,MITSUKAL,lumielune（ルミエルネ）｜店舗PV制作実績｜MITSUKAL,,1,未判定,2026-09-21,会社紹介動画 制作事例、ミュージックビデオ,,https://www.youtube.com/watch?v=Iz0mNvHk0CM
MV・ミュージックビデオ,Plumチャンネル,楽曲のプロモーション（音楽作品の発表）,ミュージックビデオ,,Plumチャンネル,儚花-hakanaihana-ミュージックビデオ,,237,未判定,2026-09-21,会社紹介動画 制作事例、ミュージックビデオ,,https://www.youtube.com/watch?v=FubWfY2CNns
MV・ミュージックビデオ,,楽曲のプロモーション（音楽作品の発表）,MV,ナカムラ【動画制作】,ナカムラ【動画制作】,【制作実績】VOCALOID MV,,7,未判定,2026-09-21,会社紹介動画 制作事例、ミュージックビデオ,,https://www.youtube.com/watch?v=AkbLZZQq1IU
MV・ミュージックビデオ,HS KINGER 27,楽曲のプロモーション（音楽作品の発表）,（種類からの既定）,,HS KINGER 27,#bts,,2207197,未判定,2026-09-22,ミュージックビデオ,,https://www.youtube.com/watch?v=8BGfmYlPXNo
MV・ミュージックビデオ,JOHN ROBLOX,楽曲のプロモーション（音楽作品の発表）,（種類からの既定）,,JOHN ROBLOX,Tower Battles Void Concert Music Video  | ROBLOX,,124158,未判定,2026-09-22,ミュージックビデオ,ゲーム・実況,https://www.youtube.com/watch?v=QEpDGPjhmD8
MV・ミュージックビデオ,Lord GS,楽曲のプロモーション（音楽作品の発表）,（種類からの既定）,,Lord GS,The Baby Is Almost Here! 😱~ mini wood toy | woodworking art skills / hand crafts #shorts,,481001,未判定,2026-09-22,ミュージックビデオ,ショート動画,https://www.youtube.com/watch?v=_rfSbmhI5wQ
MV・ミュージックビデオ,The Mayuu Funhub,楽曲のプロモーション（音楽作品の発表）,（種類からの既定）,,The Mayuu Funhub,#bts,,376128,未判定,2026-09-22,ミュージックビデオ,,https://www.youtube.com/watch?v=ZdhcdBeSbTA
MV・ミュージックビデオ,RealPelmx,楽曲のプロモーション（音楽作品の発表）,Official Music Video,,RealPelmx,CRUSH - BENİM OLSANA | Official Music Video REACTION,,188752,未判定,2026-09-22,ミュージックビデオ,本編でない（舞台裏・反応・切り抜き）,https://www.youtube.com/watch?v=qGdLLGAkVME
会社紹介・コーポレート,ミクニ機工株式会社,会社の信頼獲得（営業・採用の共通素材）,会社紹介,,ミクニ機工株式会社,ミクニ機工株式会社 会社紹介映像アニメ版,,130,未判定,2026-09-22,会社紹介動画 制作事例,,https://www.youtube.com/watch?v=z5NQ-QPmw6c
会社紹介・コーポレート,酒井工業株式会社,会社の信頼獲得（営業・採用の共通素材）,会社紹介,,酒井工業株式会社,会社紹介動画（short Ver ）,,98,未判定,2026-09-22,会社紹介動画 制作事例,本編でない（別バージョン・短縮版・告知）,https://www.youtube.com/watch?v=KIiOVMWU5Eo
会社紹介・コーポレート,伊藤忠マシンテクノス株式会社,会社の信頼獲得（営業・採用の共通素材）,会社紹介,,伊藤忠マシンテクノス / ITOCHU MACHINE-TECHNOS Corporation,【公式】伊藤忠マシンテクノス株式会社 会社紹介動画,,41,未判定,2026-09-22,会社紹介動画 制作事例,,https://www.youtube.com/watch?v=-7jeWobz0tk
会社紹介・コーポレート,J.A.X.I.A. Nexus 公式チャンネル,会社の信頼獲得（営業・採用の共通素材）,会社紹介,,J.A.X.I.A. Nexus 公式チャンネル,動画自動生成ツールで会社紹介動画を作ってみた｜開発日誌 #1,,11,未判定,2026-09-22,会社紹介動画 制作事例,,https://www.youtube.com/watch?v=U69Ey51F8-8
会社紹介・コーポレート,相賀佛光堂有限会社,会社の信頼獲得（営業・採用の共通素材）,（種類からの既定）,,アイデアル[イベント・映像],イベントダイジェスト映像 制作事例｜相賀佛光堂有限会社様「ダガ祭り 精霊流し」,,21,未判定,2026-09-22,会社紹介動画 制作事例,,https://www.youtube.com/watch?v=9kdZ3nNlpMs
MV・ミュージックビデオ,なにわ男子,楽曲のプロモーション（音楽作品の発表）,（種類からの既定）,,なにわ男子,なにわ男子 -【自作MV完成！】ビーマイベイベー -Special Music Video-,,817128,未判定,2026-09-23,ミュージックビデオ,,https://www.youtube.com/watch?v=PDB62ahZb-M
MV・ミュージックビデオ,乃木坂46 OFFICIAL YouTube CHANNEL,楽曲のプロモーション（音楽作品の発表）,（種類からの既定）,,乃木坂46 OFFICIAL YouTube CHANNEL,乃木坂46『是非に及ばず』MUSIC VIDEO,,2393240,未判定,2026-09-23,ミュージックビデオ,,https://www.youtube.com/watch?v=ogAufBgPpBk
MV・ミュージックビデオ,Vaundy,楽曲のプロモーション（音楽作品の発表）,（種類からの既定）,,Vaundy,飛ぶ時 / Vaundy：MUSIC VIDEO,,13443295,未判定,2026-09-23,ミュージックビデオ,,https://www.youtube.com/watch?v=ARj1adoUoEU
MV・ミュージックビデオ,Snow Man,楽曲のプロモーション（音楽作品の発表）,（種類からの既定）,,Snow Man,Snow Man 'BANG!!' Music Video,,35199347,未判定,2026-09-23,ミュージックビデオ,,https://www.youtube.com/watch?v=nQMhLxv8fSI
MV・ミュージックビデオ,back number,楽曲のプロモーション（音楽作品の発表）,（種類からの既定）,,back number,back number - 黄色,,37486061,未判定,2026-09-23,ミュージックビデオ,,https://www.youtube.com/watch?v=EMYa07zHC9w
会社紹介・コーポレート,株式会社アイジーコンサルティング,会社の信頼獲得（営業・採用の共通素材）,（種類からの既定）,Video BRAIN ビデオブレイン 誰でも簡単に使える法人向け動画編集クラウド,Video BRAIN ビデオブレイン 誰でも簡単に使える法人向け動画編集クラウド,採用インタビュー動画の制作事例 株式会社アイジーコンサルティング様【Video BRAIN制作】,,400,未判定,2026-09-23,会社紹介動画 制作事例,,https://www.youtube.com/watch?v=C6HbwYDgyts
会社紹介・コーポレート,靴屋Orike,会社の信頼獲得（営業・採用の共通素材）,（種類からの既定）,STUDIO EIGHT,STUDIO EIGHT,制作事例【靴屋Orike】プロモーション動画,,104,未判定,2026-09-23,会社紹介動画 制作事例,,https://www.youtube.com/watch?v=49CuH21Mwgg
会社紹介・コーポレート,ひかり整骨院,会社の信頼獲得（営業・採用の共通素材）,（種類からの既定）,,ここりんくす株式会社,動画制作事例②【ひかり整骨院様の事業紹介動画】,,13,未判定,2026-09-23,会社紹介動画 制作事例,,https://www.youtube.com/watch?v=R4uMDJzjMAI
会社紹介・コーポレート,クロステリア Crossteria,会社の信頼獲得（営業・採用の共通素材）,（種類からの既定）,,クロステリア Crossteria,クロステリア制作事例紹介,,237,未判定,2026-09-23,会社紹介動画 制作事例,,https://www.youtube.com/watch?v=eDX8SEHX4EQ
会社紹介・コーポレート,,会社の信頼獲得（営業・採用の共通素材）,（種類からの既定）,Animede,アニメ動画制作のアニメデ (Animede),【事例紹介】アニメーション制作｜池袋学園ブランディングムービー【Animede制作実績】,,21628,未判定,2026-09-23,会社紹介動画 制作事例,,https://www.youtube.com/watch?v=z-RgQid1xAI
WebCM,【公式】外為オンラインFXチャンネル,商品・サービスの認知獲得（広告出稿）,WebCM,,【公式】外為オンラインFXチャンネル,【大島優子のFX】新WebCM｜FX成功の秘訣篇,,95475957,未判定,2026-09-24,webcm,,https://www.youtube.com/watch?v=W9XUVWolBOo
WebCM,SMBCモビット公式チャンネル,商品・サービスの認知獲得（広告出稿）,WebCM,,SMBCモビット公式チャンネル,【公式】SMBCモビット　コンサート篇（Vポイント）　WebCM 30秒,,811189,未判定,2026-09-24,webcm,,https://www.youtube.com/watch?v=WBSVMurjs8c
WebCM,au,商品・サービスの認知獲得（広告出稿）,WEBCM,,au,WEBCM｜au Starlink Direct 「圏外ですが、放送中！おでかけ」篇,,9041635,未判定,2026-09-24,webcm,,https://www.youtube.com/watch?v=kjZEnB5Zx2w
MV・ミュージックビデオ,spitzclips,楽曲のプロモーション（音楽作品の発表）,（種類からの既定）,,spitzclips,スピッツ / 見知らぬ糸　Spitz / Unknown Thread,,5891356,未判定,2026-09-24,ミュージックビデオ,,https://www.youtube.com/watch?v=sBAv1wx4ghE
MV・ミュージックビデオ,Kenshi Yonezu  米津玄師,楽曲のプロモーション（音楽作品の発表）,（種類からの既定）,,Kenshi Yonezu  米津玄師,"米津玄師, 宇多田ヒカル Kenshi Yonezu, Hikaru Utada -  JANE DOE",,98136552,未判定,2026-09-24,ミュージックビデオ,,https://www.youtube.com/watch?v=sPLqsLsooJY
MV・ミュージックビデオ,リアルピース,楽曲のプロモーション（音楽作品の発表）,MV,,リアルピース,【ハンズアップ】MV ミュージックビデオ,,913619,未判定,2026-09-24,ミュージックビデオ,,https://www.youtube.com/watch?v=g6_KKdXKlRU
MV・ミュージックビデオ,M!LK,楽曲のプロモーション（音楽作品の発表）,Official Music Video,,M!LK,M!LK - イイじゃん(Official Music Video) 【第76回NHK紅白歌合戦歌唱曲】,,47075636,未判定,2026-09-24,ミュージックビデオ,,https://www.youtube.com/watch?v=GW-XMhRQDFI
MV・ミュージックビデオ,Mrs. GREEN APPLE,楽曲のプロモーション（音楽作品の発表）,Official Music Video,,Mrs. GREEN APPLE,Mrs. GREEN APPLE「ライラック」Official Music Video,,248689050,未判定,2026-09-24,ミュージックビデオ,,https://www.youtube.com/watch?v=QjrkrVmC-8M
会社紹介・コーポレート,,会社の信頼獲得（営業・採用の共通素材）,会社紹介,クリエイティブビジョンワークス,クリエイティブビジョンワークス,【制作事例】ホワイトハット会社紹介動画,,109,未判定,2026-09-24,会社紹介動画 制作事例,,https://www.youtube.com/watch?v=dAg31CmKHNM
会社紹介・コーポレート,東京商工会議所,会社の信頼獲得（営業・採用の共通素材）,（種類からの既定）,Video BRAIN ビデオブレイン 誰でも簡単に使える法人向け動画編集クラウド,Video BRAIN ビデオブレイン 誰でも簡単に使える法人向け動画編集クラウド,インタビュー動画（顧客事例紹介）の制作事例 東京商工会議所様【Video BRAIN制作】,,307,未判定,2026-09-24,会社紹介動画 制作事例,,https://www.youtube.com/watch?v=lLYTlhaY1b8
会社紹介・コーポレート,株式会社ヤザワコーポレーション,採用（応募者の集客・入社前の理解）,会社説明,Video BRAIN ビデオブレイン 誰でも簡単に使える法人向け動画編集クラウド,Video BRAIN ビデオブレイン 誰でも簡単に使える法人向け動画編集クラウド,会社説明（採用動画）の動画制作事例 株式会社ヤザワコーポレーション様【Video BRAIN制作】,,181,未判定,2026-09-24,会社紹介動画 制作事例,,https://www.youtube.com/watch?v=cHI41jgVYv4
会社紹介・コーポレート,,会社の信頼獲得（営業・採用の共通素材）,（種類からの既定）,ムビハピ,【ムビハピ】企業動画制作サービス,【ダイジェスト版】反響の大きいPR動画（ムビハピ制作事例）,,145,未判定,2026-09-24,会社紹介動画 制作事例,,https://www.youtube.com/watch?v=qghcjEeAAV0
会社紹介・コーポレート,Uemuki Design,サービス・商品の理解促進（検討中の見込み客向け）,製品紹介,,Uemuki Design,【制作事例】製品紹介ムービー,,344,未判定,2026-09-24,会社紹介動画 制作事例,,https://www.youtube.com/watch?v=QzG6ucF0Eo0
サービス・商品紹介,,サービス・商品の理解促進（検討中の見込み客向け）,サービス紹介,【動画制作サービス】Movie Stage (ムービーステージ),【動画制作サービス】Movie Stage (ムービーステージ),【サービス紹介動画】個別塾 アニメーション動画 (Movie Stage制作実績),,114,未判定,2026-09-24,会社紹介動画 制作事例、ミュージックビデオ、WebCM 制作,,https://www.youtube.com/watch?v=fT_xPP7J-5Y
サービス・商品紹介,ITソリューション会社,サービス・商品の理解促進（検討中の見込み客向け）,サービス紹介,アニメーション動画制作 カプセルメディア,アニメーション動画制作 カプセルメディア,【ITソリューション会社様サービス紹介動画】アニメーション広告動画制作実績,,103,未判定,2026-09-24,会社紹介動画 制作事例、ミュージックビデオ、WebCM 制作,,https://www.youtube.com/watch?v=eQohhQxsOQM
サービス・商品紹介,株式会社オーバリッジ,サービス・商品の理解促進（検討中の見込み客向け）,サービス紹介,,Overidge INC.,＜サービス紹介＞印刷物・web制作【株式会社オーバリッジ】,,166,未判定,2026-09-24,会社紹介動画 制作事例、ミュージックビデオ、WebCM 制作,,https://www.youtube.com/watch?v=uX2KvgDaxAs
採用動画,海空チャンネル,サービス・商品の理解促進（検討中の見込み客向け）,サービス紹介,,海空チャンネル,『採用動画のプロムビ』サービス紹介動画,,415,未判定,2026-09-24,会社紹介動画 制作事例、ミュージックビデオ、WebCM 制作,,https://www.youtube.com/watch?v=anyezEmAsDA
アニメーション説明動画,,仕組みの説明（文字では伝わらない内容の可視化）,（種類からの既定）,アニメーション動画制作 カプセルメディア,アニメーション動画制作 カプセルメディア,【Amazonに載せる商品PR紹介動画実績】アニメーション広告動画制作,,181,未判定,2026-09-24,会社紹介動画 制作事例、ミュージックビデオ、WebCM 制作,,https://www.youtube.com/watch?v=hVezdcMWoQQ
WebCM,株式会社AVANTIA,商品・サービスの認知獲得（広告出稿）,webcm,,株式会社AVANTIA,アバンギャルディおかっぱさんが転んだその① #avantgardey #avantia #webcm,,1019,未判定,2026-09-25,webcm,,https://www.youtube.com/watch?v=1X06yBl77pk
WebCM,かんぽ生命企業広告,商品・サービスの認知獲得（広告出稿）,WebCM,,かんぽ生命企業広告,特別終身保険WebCM「将来どうなる？ライフイベントカウントダウン・見えない不安」篇　55秒,,25664199,未判定,2026-09-25,webcm,,https://www.youtube.com/watch?v=SUmN9zM6yjU
WebCM,SMBCモビット公式チャンネル,商品・サービスの認知獲得（広告出稿）,WebCM,,SMBCモビット公式チャンネル,【公式】SMBCモビット　奈良に来て言いたかったこと篇　WebCM 30秒,,24856,未判定,2026-09-25,webcm,,https://www.youtube.com/watch?v=Sr0XRxWHDDk
WebCM,SHINSHOKANcomic,商品・サービスの認知獲得（広告出稿）,webCM,,SHINSHOKANcomic,【webCM】セブンティーンシロップス（２）／あらた六花,,231,未判定,2026-09-25,webcm,,https://www.youtube.com/watch?v=7IZagurNTC4
WebCM,レイク公式チャンネル,商品・サービスの認知獲得（広告出稿）,WEBCM,,レイク公式チャンネル,【公式】レイクのアレ WEBCM 「スーパー銭湯」篇,,36857946,未判定,2026-09-25,webcm,,https://www.youtube.com/watch?v=h2AEE2wUwxQ
アニメーション説明動画,,サービス・商品の理解促進（検討中の見込み客向け）,サービス紹介,Animede,アニメ動画制作のアニメデ (Animede),【事例紹介】アニメーション制作｜Teambird サービス紹介動画【Animede 制作実績】,,99,未判定,2026-09-25,アニメーション 説明動画 制作事例,,https://www.youtube.com/watch?v=VAMlNEyO1ps
アニメーション説明動画,NTTデータ,仕組みの説明（文字では伝わらない内容の可視化）,（種類からの既定）,Unplug_studio,Unplug_studio,【アニメーション動画制作実績】NTTデータ様｜TetraBRiDGE_PR動画,,256,未判定,2026-09-25,アニメーション 説明動画 制作事例,,https://www.youtube.com/watch?v=wPCjWGSXQpc
アニメーション説明動画,EGSchannel from 滋賀,仕組みの説明（文字では伝わらない内容の可視化）,（種類からの既定）,,EGSchannel from 滋賀,【動画制作事例】アニメーション　ジンケンダーのえかきうた,,94,未判定,2026-09-25,アニメーション 説明動画 制作事例,,https://www.youtube.com/watch?v=wd_KMDjoiC8
アニメーション説明動画,株式会社理究キッズ,仕組みの説明（文字では伝わらない内容の可視化）,（種類からの既定）,,プレゼン資料制作の専門家【プレサポ 高村】,【パワポ動画】アニメーション動画制作事例_株式会社理究キッズ様,,1383,未判定,2026-09-25,アニメーション 説明動画 制作事例,,https://www.youtube.com/watch?v=CIy8AUtTcpw
アニメーション説明動画,朝ビジBoost,サービス・商品の理解促進（検討中の見込み客向け）,サービス紹介,,HITO-musubi |  良い会社を、伝わる会社に,【制作実績】朝ビジBoost様 サービス紹介ムービー(アニメーション動画),,28,未判定,2026-09-25,アニメーション 説明動画 制作事例,,https://www.youtube.com/watch?v=DqEqfRAhMlY
サービス・商品紹介,株式会社エクスレイ,サービス・商品の理解促進（検討中の見込み客向け）,サービス紹介,アニメ動画制作ならGivee株式会社,アニメ動画制作ならGivee株式会社,【商品・サービス紹介アニメ動画】XLei光_株式会社エクスレイ様(Givee制作事例・実績) |,,1365,未判定,2026-09-25,サービス紹介動画 制作事例,,https://www.youtube.com/watch?v=LpQRHiFPssg
サービス・商品紹介,株式会社 Global Japan Corporation(GJC),サービス・商品の理解促進（検討中の見込み客向け）,（種類からの既定）,,株式会社 Global Japan Corporation(GJC),デジタルツール紹介動画の制作実績,,110,未判定,2026-09-25,サービス紹介動画 制作事例,,https://www.youtube.com/watch?v=GTXeZdOZy9w
サービス・商品紹介,デロイトトーマツコンサルティング合同会社,サービス・商品の理解促進（検討中の見込み客向け）,サービス紹介,LOCUS,動画制作の株式会社LOCUS,【サービス紹介動画】デロイトトーマツコンサルティング合同会社様（LOCUS制作実績）,,1307,未判定,2026-09-25,サービス紹介動画 制作事例,,https://www.youtube.com/watch?v=zgLKS8odoiA
サービス・商品紹介,株式会社DATAFLUCT,サービス・商品の理解促進（検討中の見込み客向け）,サービス紹介,株式会社Lumii動画,動画制作・映像制作の株式会社Lumii,【サービス紹介動画_Perswell】株式会社DATAFLUCT様【株式会社Lumii動画制作実績】,,777,未判定,2026-09-25,サービス紹介動画 制作事例,,https://www.youtube.com/watch?v=Hujzlzytt9M
サービス・商品紹介,株式会社アンドストーリー,サービス・商品の理解促進（検討中の見込み客向け）,サービス紹介,,株式会社アンドストーリー,【サービス紹介動画】写真撮影・支援サービス 長編,,224,未判定,2026-09-25,サービス紹介動画 制作事例,,https://www.youtube.com/watch?v=EurqEoQml6Y
会社紹介・コーポレート,大和リース株式会社,会社の信頼獲得（営業・採用の共通素材）,会社紹介,Video BRAIN ビデオブレイン 誰でも簡単に使える法人向け動画編集クラウド,Video BRAIN ビデオブレイン 誰でも簡単に使える法人向け動画編集クラウド,採用動画（会社紹介）の制作事例 大和リース株式会社様【Video BRAIN制作】,,1202,未判定,2026-09-25,会社紹介動画 制作事例,,https://www.youtube.com/watch?v=qgUKEetWFls
会社紹介・コーポレート,エクラデジュール,会社の信頼獲得（営業・採用の共通素材）,（種類からの既定）,株式会社CAREARC｜動画制作,株式会社CAREARC｜動画制作,パティスリー・洋菓子店の動画制作事例｜エクラデジュール様,,471,未判定,2026-09-25,会社紹介動画 制作事例,,https://www.youtube.com/watch?v=axLLfkqvc1g
会社紹介・コーポレート,株式会社 Global Japan Corporation(GJC),会社の信頼獲得（営業・採用の共通素材）,企業紹介,,株式会社 Global Japan Corporation(GJC),医療機器コンサル業務請負企業紹介動画事例,,203,未判定,2026-09-25,会社紹介動画 制作事例,,https://www.youtube.com/watch?v=7hqmOtgEexk
会社紹介・コーポレート,株式会社クラフト,技術力・設備の提示（取引先と採用の両方に効く）,製造,,データモーション株式会社,東京 西多摩郡 株式会社クラフト【会社案内／経営者インタビュー】事例紹介　製造業映像制作 データモーション,,214,未判定,2026-09-25,会社紹介動画 制作事例,,https://www.youtube.com/watch?v=lYoTsGO9eH8
会社紹介・コーポレート,株式会社ユタックス,会社の信頼獲得（営業・採用の共通素材）,（種類からの既定）,,継続成長の仕組み・資産づくり支援「株式会社きづくネットワーク」,【動画制作事例】完全成功報酬型「間接コスト削減サービス」案内（株式会社ユタックス）,,149,未判定,2026-09-25,会社紹介動画 制作事例,,https://www.youtube.com/watch?v=nnDkDB7eD7c
採用動画,株式会社フリージア,採用（応募者の集客・入社前の理解）,（種類からの既定）,動画制作・映像制作 / 株式会社StokedBase【公式】,動画制作・映像制作 / 株式会社StokedBase【公式】,【採用動画】株式会社フリージア様 / 株式会社StokedBase 映像制作事例,,20,未判定,2026-09-25,採用動画 制作事例,,https://www.youtube.com/watch?v=J8Qg5O_z2Qg
採用動画,,採用（応募者の集客・入社前の理解）,（種類からの既定）,World Change Analysis inc.,World Change Analysis inc.,【制作実績】Asian Space Chachany 採用動画｜ワールドチェンジアナリシス 制作事例,,69,未判定,2026-09-25,採用動画 制作事例,,https://www.youtube.com/watch?v=th_PkZA3yKc
採用動画,吉川化成株式会社,採用（応募者の集客・入社前の理解）,（種類からの既定）,,吉川化成株式会社,【採用動画】社員が一発撮りにチャレンジ！「吉川化族」,,3682,未判定,2026-09-25,採用動画 制作事例,,https://www.youtube.com/watch?v=UHvQHvJoBQE
採用動画,採用動画《（株）,採用（応募者の集客・入社前の理解）,（種類からの既定）,,株式会社エッジ,採用動画《（株）エッジの動画制作実績》,,69,未判定,2026-09-25,採用動画 制作事例,,https://www.youtube.com/watch?v=kHSRu5VUBH4
採用動画,ピックルアルファ株式会社,採用（応募者の集客・入社前の理解）,（種類からの既定）,PMC株式会社_映像制作,PMC株式会社_映像制作,【採用動画】ピックルアルファ株式会社様 | 制作事例,,100,未判定,2026-09-25,採用動画 制作事例,,https://www.youtube.com/watch?v=ZLPbe3yl2Nc
社内報動画,GOLGO OFFICE,社内への情報共有（理念・活動の浸透）,社内報,,GOLGO OFFICE,社内報の原稿の揃え方,,90,未判定,2026-09-25,社内報 動画,,https://www.youtube.com/watch?v=5XcpicylIM0
社内報動画,メディア博士,ブランド・理念の発信（信頼の醸成）,ビジョン,,メディア博士,動画×社内報で社内の情報発信を効率化＆活性化【社内報-ビジョンデモ】,,53,未判定,2026-09-25,社内報 動画,,https://www.youtube.com/watch?v=-CBi7mnt6EU
社内報動画,GOLGO OFFICE,社内への情報共有（理念・活動の浸透）,社内報,社内報,GOLGO OFFICE,【社内報制作】２つのおしゃれとは？,,68,未判定,2026-09-25,社内報 動画,,https://www.youtube.com/watch?v=77jI68xnwGA
社内報動画,ライズのシャナイホー,社内への情報共有（理念・活動の浸透）,社内報,,ライズのシャナイホー,ライバルは上場企業？！社内報の全国コンクールに応募したらまさかの上位受賞しちゃいました！,,642,未判定,2026-09-25,社内報 動画,,https://www.youtube.com/watch?v=aQZPp8ugn-4
社内報動画,ブランディング専門チャンネル,社内への情報共有（理念・活動の浸透）,（種類からの既定）,,ブランディング専門チャンネル,#025 経営方針が“見えない会社”は、強くなれない。【brandcommit】,,163,未判定,2026-09-25,社内報 動画,,https://www.youtube.com/watch?v=23ujj7rIOQk
SNS広告（縦型）,株式会社TOP OF MIND,SNSでの獲得（短尺・縦型の広告）,（種類からの既定）,,株式会社TOP OF MIND,金融事業向けSNS広告動画の制作事例｜オリジナル楽曲付き縦型広告｜pitatto,,15,未判定,2026-09-26,SNS広告 縦型 事例,,https://www.youtube.com/watch?v=c0zq85eFB8o
SNS広告（縦型）,ポートフォリオ@AI動画クリエーターNORI,SNSでの獲得（短尺・縦型の広告）,（種類からの既定）,,ポートフォリオ@AI動画クリエーターNORI,【制作事例】撮影なしで作るアパレルPV｜ポロシャツ 30秒（AI動画制作）,,256,未判定,2026-09-26,SNS広告 縦型 事例,制作者個人の営業チャンネル,https://www.youtube.com/watch?v=e-a8UUDXEJY
SNS広告（縦型）,,採用（応募者の集客・入社前の理解）,募集,EA_CREATIVE,EA_CREATIVE,【利用者募集】就労継続支援B型 SNS広告動画｜ショート動画制作事例,,17,未判定,2026-09-26,SNS広告 縦型 事例,,https://www.youtube.com/watch?v=GUXnkZztyaM
SNS広告（縦型）,マーケティング診断チャンネル,SNSでの獲得（短尺・縦型の広告）,（種類からの既定）,,マーケティング診断チャンネル,【ウェビナー】YouTube広告で獲得に特化した施策を大公開！,,648,未判定,2026-09-26,SNS広告 縦型 事例,,https://www.youtube.com/watch?v=MzEI6CwRmhY
SNS広告（縦型）,,SNSでの獲得（短尺・縦型の広告）,（種類からの既定）,voss create -,voss create -,【制作事例】SNS用縦型動画広告・Amazon動画広告｜各PR動画制作なら VOSS CREATE ！,,367,未判定,2026-09-26,SNS広告 縦型 事例,,https://www.youtube.com/watch?v=xN6xhXp1BVA
WebCM,映画『ブルーロック』チャンネル,商品・サービスの認知獲得（広告出稿）,WEBCM,,映画『ブルーロック』チャンネル,映画『ブルーロック』WEBCM〈キャラクター篇〉【8月7日(金)公開】,,310041,未判定,2026-09-26,webcm,,https://www.youtube.com/watch?v=FF1N3If3nN8
WebCM,【公式】トライ,商品・サービスの認知獲得（広告出稿）,WebCM,,【公式】トライ,個別教室のトライ｜WebCM_ロッテンマイヤー_第3話,,6584171,未判定,2026-09-26,webcm,,https://www.youtube.com/watch?v=LLdMQmlLpgY
WebCM,SHINSHOKANcomic,商品・サービスの認知獲得（広告出稿）,webCM,,SHINSHOKANcomic,【webCM】となりあいテソロ／世（せい）,,910,未判定,2026-09-26,webcm,,https://www.youtube.com/watch?v=wu2DHvUzWIQ
WebCM,かんぽ生命企業広告,商品・サービスの認知獲得（広告出稿）,WebCM,,かんぽ生命企業広告,定期保険WebCM「将来どうなる？ライフイベントカウントダウン・新生活の不安」篇　48秒,,19068051,未判定,2026-09-26,webcm,,https://www.youtube.com/watch?v=8nMlzpDLfqQ
WebCM,Looopでんき,商品・サービスの認知獲得（広告出稿）,WEBCM,,Looopでんき,【Looopでんき WEBCM】「在宅勤務が多い家庭＋ペット」篇３０秒（字幕あり）,,15760351,未判定,2026-09-26,webcm,,https://www.youtube.com/watch?v=yv_NyqscWGo
アニメーション説明動画,エイト鍼灸整骨院,仕組みの説明（文字では伝わらない内容の可視化）,（種類からの既定）,,はやまるくん,エイト鍼灸整骨院様 会員説明動画 | 制作実績【アニメーション動画】,,155,未判定,2026-09-26,アニメーション 説明動画 制作事例,,https://www.youtube.com/watch?v=c6-tB8hMk24
アニメーション説明動画,Animove,仕組みの説明（文字では伝わらない内容の可視化）,（種類からの既定）,DXアニメーション動画,Animove,社内制度説明動画／採用向け（抜粋 ver）【DXアニメーション動画制作事例】,,139,未判定,2026-09-26,アニメーション 説明動画 制作事例,,https://www.youtube.com/watch?v=1DyHZ_jU8Bk
アニメーション説明動画,株式会社 Global Japan Corporation(GJC),サービス・商品の理解促進（検討中の見込み客向け）,サービス紹介,,株式会社 Global Japan Corporation(GJC),ソフトウエアサービス紹介アニメーション動画の制作実績,,372,未判定,2026-09-26,アニメーション 説明動画 制作事例,,https://www.youtube.com/watch?v=n-QCGI4CVfU
アニメーション説明動画,CastingONE,仕組みの説明（文字では伝わらない内容の可視化）,（種類からの既定）,,株式会社CIRCLE,【アニメーション動画】　商品説明　CastingONE様  (circle inc制作実績),,387,未判定,2026-09-26,アニメーション 説明動画 制作事例,,https://www.youtube.com/watch?v=SwSXy6K31-4
アニメーション説明動画,株式会社 Global Japan Corporation(GJC),サービス・商品の理解促進（検討中の見込み客向け）,サービス紹介,,株式会社 Global Japan Corporation(GJC),遠隔見守りシステムのサービス紹介動画制作実績/アニメーション動画,,313,未判定,2026-09-26,アニメーション 説明動画 制作事例,,https://www.youtube.com/watch?v=mpa0VlZZcro
サービス・商品紹介,CENTRIC株式会社,サービス・商品の理解促進（検討中の見込み客向け）,サービス紹介,LOCUS,動画制作の株式会社LOCUS,【サービス紹介動画】CENTRIC株式会社様（LOCUS制作実績）,,317,未判定,2026-09-26,サービス紹介動画 制作事例,,https://www.youtube.com/watch?v=g7Sj1eNZP7Q
サービス・商品紹介,,サービス・商品の理解促進（検討中の見込み客向け）,（種類からの既定）,株式会社Medizaine@YouTube運用代行&動画制作,株式会社Medizaine@YouTube運用代行&動画制作,【制作事例】動画編集スクールのPR動画（動画編集CAMP様）,,31,未判定,2026-09-26,サービス紹介動画 制作事例,,https://www.youtube.com/watch?v=VVQXvE53I0U
サービス・商品紹介,株式会社 Global Japan Corporation(GJC),サービス・商品の理解促進（検討中の見込み客向け）,サービス紹介,,株式会社 Global Japan Corporation(GJC),【映像制作】サービス紹介動画制作実績ダイジェスト動画,,1793,未判定,2026-09-26,サービス紹介動画 制作事例,,https://www.youtube.com/watch?v=Oj-OL8bmWmI
サービス・商品紹介,ココナッツ株式会社,サービス・商品の理解促進（検討中の見込み客向け）,サービス紹介,株式会社DAYONE | 成果重視のクリエイティブパートナー,株式会社DAYONE | 成果重視のクリエイティブパートナー,【サービス紹介動画】ココナッツ株式会社様（DAY ONE制作実績事例）,,23,未判定,2026-09-26,サービス紹介動画 制作事例,,https://www.youtube.com/watch?v=pb26KOF6CeA
サービス・商品紹介,昭栄美術,サービス・商品の理解促進（検討中の見込み客向け）,サービス紹介,アニメ動画制作ならGivee株式会社,アニメ動画制作ならGivee株式会社,【アニメーションサービス紹介動画】昭栄美術様,,1185,未判定,2026-09-26,サービス紹介動画 制作事例,,https://www.youtube.com/watch?v=Rv2qcntGyno
MV・ミュージックビデオ,TVアニメ『ヤニねこ』公式【ハメちゃんねる】,楽曲のプロモーション（音楽作品の発表）,ミュージックビデオ,,TVアニメ『ヤニねこ』公式【ハメちゃんねる】,TVアニメ『ヤニねこ』「なんもねえ 〜住人大合唱ver.〜」ミュージックビデオ｜ヤニねこオールスターズ(夏吉ゆうこ、松岡美里、船戸ゆり絵、清水彩香、井澤詩織、明智璃子、稲田 徹),,2471952,未判定,2026-09-26,ミュージックビデオ,,https://www.youtube.com/watch?v=ZS1VWzarDHg
MV・ミュージックビデオ,日向坂46 OFFICIAL YouTube CHANNEL,楽曲のプロモーション（音楽作品の発表）,（種類からの既定）,,日向坂46 OFFICIAL YouTube CHANNEL,日向坂46『Kind of love』MUSIC VIDEO,,3024439,未判定,2026-09-26,ミュージックビデオ,,https://www.youtube.com/watch?v=W5AGk8Cc7zg
MV・ミュージックビデオ,KODANSHA　Books＆Comics,楽曲のプロモーション（音楽作品の発表）,（種類からの既定）,,KODANSHA　Books＆Comics,漫画『メダリスト』× 米津玄師『BOW AND ARROW』｜スペシャルMV,,4262617,未判定,2026-09-26,ミュージックビデオ,,https://www.youtube.com/watch?v=xfFOdJlit6A
MV・ミュージックビデオ,back number,楽曲のプロモーション（音楽作品の発表）,（種類からの既定）,,back number,back number - ブルーアンバー 【カンテレ・フジテレビ系月10ドラマ『あなたを奪ったその日から』主題歌】,,44428449,未判定,2026-09-26,ミュージックビデオ,,https://www.youtube.com/watch?v=ru6i9lo4zBE
MV・ミュージックビデオ,Delta Force Game Japan公式,楽曲のプロモーション（音楽作品の発表）,ミュージックビデオ,,Delta Force Game Japan公式,Delta Force｜ミュージックビデオ｜突破-CRUSH THE FRAME- ft.96猫 MV.ver,,4586,未判定,2026-09-26,ミュージックビデオ,,https://www.youtube.com/watch?v=sx03SYMJo2Q
会社紹介・コーポレート,みちのく住宅推進会,会社の信頼獲得（営業・採用の共通素材）,（種類からの既定）,アニメ動画制作ならGivee株式会社,アニメ動画制作ならGivee株式会社,【アニメーション動画】みちのく住宅推進会様　(Givee制作事例・実績),,982,未判定,2026-09-26,会社紹介動画 制作事例,,https://www.youtube.com/watch?v=YStBLguHSQY
会社紹介・コーポレート,ティ・アール・ジィ株式会社,会社の信頼獲得（営業・採用の共通素材）,企業紹介,,クリエイトおしごとシアター,ティ・アール・ジィ株式会社　企業紹介動画 #採用ムービー #会社紹介,,992,未判定,2026-09-26,会社紹介動画 制作事例,,https://www.youtube.com/watch?v=1awbpB9-bkc
会社紹介・コーポレート,パーソルビジネスプロセスデザイン株式会社,会社の信頼獲得（営業・採用の共通素材）,（種類からの既定）,LOCUS,動画制作の株式会社LOCUS,【イベント動画】パーソルビジネスプロセスデザイン株式会社様（LOCUS制作実績）,,12638,未判定,2026-09-26,会社紹介動画 制作事例,,https://www.youtube.com/watch?v=ZPjk_csLXzE
会社紹介・コーポレート,株式会社 Global Japan Corporation(GJC),社内教育（研修の標準化）,教育,,株式会社 Global Japan Corporation(GJC),アニメーションを使用した教育サービス紹介動画の制作実績,,7218,未判定,2026-09-26,会社紹介動画 制作事例,,https://www.youtube.com/watch?v=Poo7f3I8TOU
会社紹介・コーポレート,株式会社ネクスコ東日本エンジニアリング,展示会ブースの集客（通行者の足止め）,展示会,,ココロ株式会社,【映像制作事例】株式会社ネクスコ東日本エンジニアリング コロコロeye 展示会映像【ココロ株式会社】,,1170,未判定,2026-09-26,会社紹介動画 制作事例,,https://www.youtube.com/watch?v=cALuN414DHk
展示会・サイネージ,,展示会ブースの集客（通行者の足止め）,展示会,voss create -,voss create -,【制作事例】動画グリーティングカード・動画メッセージ・サイネージ・展示会用動画｜各PR動画制作なら VOSS CREATE ！,,114,未判定,2026-09-26,展示会 サイネージ 動画,,https://www.youtube.com/watch?v=k4CGNM71A_Q
展示会・サイネージ,NOMURA TOKYO,展示会ブースの集客（通行者の足止め）,（種類からの既定）,,NOMURA TOKYO,サイバーセキュリティ｜タクシー広告・サイネージ動画｜タイポグラフィ,,38,未判定,2026-09-26,展示会 サイネージ 動画,,https://www.youtube.com/watch?v=BM095iMmPw0
展示会・サイネージ,誉PRINTING_ホマレプリンティング,展示会ブースの集客（通行者の足止め）,（種類からの既定）,,誉PRINTING_ホマレプリンティング,次世代デジタルサイネージ。スマホで簡単操作。,,165,未判定,2026-09-26,展示会 サイネージ 動画,,https://www.youtube.com/watch?v=67dlGTo_Dko
展示会・サイネージ,ニッシントーア・岩尾公式チャンネル,展示会ブースの集客（通行者の足止め）,展示会,,ニッシントーア・岩尾公式チャンネル,DSJ2022展示会出展！LEDキャンパスでアート性あるインテリアへ,,107,未判定,2026-09-26,展示会 サイネージ 動画,,https://www.youtube.com/watch?v=s8unsBJYv7Y
展示会・サイネージ,KINGVIEW TECH,展示会ブースの集客（通行者の足止め）,展示会,,KINGVIEW TECH,受付用LEDデスク　#デジタルサイネージ #leddisplay #カウンター #展示会 #バーカウンター,,279,未判定,2026-09-26,展示会 サイネージ 動画,,https://www.youtube.com/watch?v=Xr-7jor2ysY
採用動画,ピックル株式会社,採用（応募者の集客・入社前の理解）,（種類からの既定）,,ピックル株式会社【公式】,ピックル株式会社　採用動画「前進に、きっかけを。」,,641,未判定,2026-09-26,採用動画 制作事例,,https://www.youtube.com/watch?v=cdHEa6ahI_o
採用動画,株式会社フリージア,採用（応募者の集客・入社前の理解）,（種類からの既定）,動画制作・映像制作 / 株式会社StokedBase【公式】,動画制作・映像制作 / 株式会社StokedBase【公式】,【お客様事例】株式会社フリージア様 / 株式会社StokedBase【採用動画】,,24,未判定,2026-09-26,採用動画 制作事例,,https://www.youtube.com/watch?v=JExjVC2Af2I
採用動画,株式会社アクタム,採用（応募者の集客・入社前の理解）,（種類からの既定）,,株式会社アクタム,【採用動画】高卒採用プラットフォーム紹介アニメーション｜株式会社アクタム,,285,未判定,2026-09-26,採用動画 制作事例,,https://www.youtube.com/watch?v=3kWCgGtubSU
採用動画,株式会社MIC,採用（応募者の集客・入社前の理解）,（種類からの既定）,動画制作・映像制作 / 株式会社StokedBase【公式】,動画制作・映像制作 / 株式会社StokedBase【公式】,【お客様事例】株式会社MIC様 / 株式会社StokedBase【周年動画・採用動画】,,44,未判定,2026-09-26,採用動画 制作事例,,https://www.youtube.com/watch?v=EOf08ksyDh0
採用動画,,採用（応募者の集客・入社前の理解）,新卒,ユチュブる【株式会社ユチュブる】YouTube用の動画制作・映像制作,ユチュブる【株式会社ユチュブる】YouTube用の動画制作・映像制作,【採用動画の成功事例】YouTubeで新卒離職ゼロ・内定承諾率2割向上｜本髙砂屋(ほんたか)×ユチュブる,,28602,未判定,2026-09-26,採用動画 制作事例,,https://www.youtube.com/watch?v=IHFb9IN4u5I
社内報動画,株式会社フェローズ - クリエイター専門の人材マネジメント会社,社内への情報共有（理念・活動の浸透）,社内報,,株式会社フェローズ - クリエイター専門の人材マネジメント会社,【Fellows クリエイティブNEXT　第18回】「社内報」が組織を変える ～経営戦略ツールとしての社内報～,,904,未判定,2026-09-26,社内報 動画,,https://www.youtube.com/watch?v=lXR6a30BrnA
社内報動画,株）コミニケ出版,社内への情報共有（理念・活動の浸透）,社内報,,株）コミニケ出版,社内報のいろは【第2回】人生も紙もいろいろ！社内報にぴったりな紙の種類とは？　社内報プロ　～作る前に見てほしい！～（,,43,未判定,2026-09-26,社内報 動画,,https://www.youtube.com/watch?v=Wkm--j1OpqI
社内報動画,株）コミニケ出版,社内への情報共有（理念・活動の浸透）,社内報,,株）コミニケ出版,社内報のいろは【第1回】紙のサイズと綴じ方　社内報プロ　～作る前に見てほしい！～（,,194,未判定,2026-09-26,社内報 動画,,https://www.youtube.com/watch?v=6todZ8tAnVQ
社内報動画,GOLGO OFFICE,社内への情報共有（理念・活動の浸透）,社内報,,GOLGO OFFICE,＜社内報＞社内報で使う写真をiPhoneで撮影する,,56,未判定,2026-09-26,社内報 動画,,https://www.youtube.com/watch?v=6zes0a2n6dI
社内報動画,駒崎弘樹の動画日記,社内への情報共有（理念・活動の浸透）,社内報,,駒崎弘樹の動画日記,【社内報を公開！】フローレンス会長駒崎の動画週報（7月7日号）,,505,未判定,2026-09-26,社内報 動画,,https://www.youtube.com/watch?v=EzYwHqq_mZ8
MV・ミュージックビデオ,Ato4SoundFactory,楽曲のプロモーション（音楽作品の発表）,（種類からの既定）,,Ato4SoundFactory,アトヨンサウンドファクトリーMV制作実績2023,,232,未判定,2026-09-27,MV 制作実績,,https://www.youtube.com/watch?v=VxRJiyD_W8g
MV・ミュージックビデオ,,楽曲のプロモーション（音楽作品の発表）,MV,イダ工房 / Ida Studio,イダ工房 / Ida Studio,【制作実績】『花の舞』MV / 明mi,,122,未判定,2026-09-27,MV 制作実績,,https://www.youtube.com/watch?v=O2LzcZ0KVEw
MV・ミュージックビデオ,夢映,楽曲のプロモーション（音楽作品の発表）,（種類からの既定）,,夢映,【夢映(muei)】制作実績一例　1分紹介,,41,未判定,2026-09-27,MV 制作実績,,https://www.youtube.com/watch?v=dN8JvBwnK9Y
MV・ミュージックビデオ,a Movieチャンネル,楽曲のプロモーション（音楽作品の発表）,（種類からの既定）,,a Movieチャンネル,【制作実績】音楽バンド撮影ダイジェスト作成,,21,未判定,2026-09-27,MV 制作実績,,https://www.youtube.com/watch?v=uwikLE9N82w
MV・ミュージックビデオ,,楽曲のプロモーション（音楽作品の発表）,mv,こころ映像制作　岡山,こころ映像制作　岡山,MV兼PV　制作実績　#mv  #pv #監督 #構成 #動画編集,,77,未判定,2026-09-27,MV 制作実績,,https://www.youtube.com/watch?v=quDE542xddM
SNS広告（縦型）,,SNSでの獲得（短尺・縦型の広告）,（種類からの既定）,縦型動画制作チャンネル,縦型動画制作チャンネル,縦型動画制作事例②トラックスカウト様,,75,未判定,2026-09-27,SNS広告 縦型 事例,,https://www.youtube.com/watch?v=zoS33hcO_PU
SNS広告（縦型）,つぼみ屋,SNSでの獲得（短尺・縦型の広告）,（種類からの既定）,,つぼみ屋,【縦型】携帯アプリ紹介動画編集例（家計簿アプリ）,,137,未判定,2026-09-27,SNS広告 縦型 事例,,https://www.youtube.com/watch?v=PyJ2ba-g5Fg
SNS広告（縦型）,,SNSでの獲得（短尺・縦型の広告）,（種類からの既定）,voss create -,voss create -,【制作事例】SNS用縦型動画広告・Amazon動画広告｜各PR動画制作なら VOSS CREATE ！,,185,未判定,2026-09-27,SNS広告 縦型 事例,,https://www.youtube.com/watch?v=tUvyBk9h4j8
SNS広告（縦型）,株式会社ライスカレープラス　最新SNSマーケテイング情報お届け,SNSでの獲得（短尺・縦型の広告）,（種類からの既定）,,株式会社ライスカレープラス　最新SNSマーケテイング情報お届け,【TikTok】まだ間に合う！企業が縦型動画を今すぐ始めた方が良い理由…SNSマーケティング/事例/広告/SNS戦略,,5445,未判定,2026-09-27,SNS広告 縦型 事例,,https://www.youtube.com/watch?v=5igYhR3NBpU
SNS広告（縦型）,,採用（応募者の集客・入社前の理解）,求人,voss create -,voss create -,【制作事例】SNS用求人動画広告・Amazon動画広告等｜各PR動画制作なら VOSS CREATE ！,,105,未判定,2026-09-27,SNS広告 縦型 事例,,https://www.youtube.com/watch?v=1Gz35TFKQQ0
WebCM,株式会社CROCO,商品・サービスの認知獲得（広告出稿）,WEBCM,CROCO,株式会社CROCO,【CROCO制作事例】MARIE. WEBCM,,162,未判定,2026-09-27,WebCM 制作事例,,https://www.youtube.com/watch?v=t91hA6TlxpI
WebCM,dog,商品・サービスの認知獲得（広告出稿）,WEBCM,動画制作・映像制作のプルークス,動画制作・映像制作のプルークス,【WEBCM】株式会社Social dog様_サービス紹介映像 part2,,548,未判定,2026-09-27,WebCM 制作事例,,https://www.youtube.com/watch?v=hi8r332fJ9M
WebCM,グッピーズ株式会社,採用（応募者の集客・入社前の理解）,求人,CINEMATO,CINEMATO - 動画制作・映像制作サービス -,【WebCM】グッピーズ株式会社様　求人サイト「GUPPY」紹介【CINEMATO制作実績】,,1823,未判定,2026-09-27,WebCM 制作事例,,https://www.youtube.com/watch?v=OD_WXXjFQ1Q
WebCM,フォネット,商品・サービスの認知獲得（広告出稿）,（種類からの既定）,,つのだ ゆきこ / tsunoyuki_atelier 「お絵かきクリエイター®」,【制作事例】フォネット様 _30sCM　#お絵かきムービー®,,29,未判定,2026-09-27,WebCM 制作事例,,https://www.youtube.com/watch?v=_0Z1ekk-wh4
WebCM,Inc. AQUARIUS,商品・サービスの認知獲得（広告出稿）,WEBCM,,Inc. AQUARIUS,かおなまいっち ｜WEBCM,,174,未判定,2026-09-27,WebCM 制作事例,,https://www.youtube.com/watch?v=5S2E8_LRFzg
アニメーション説明動画,株式会社粕田屋,仕組みの説明（文字では伝わらない内容の可視化）,（種類からの既定）,粕田屋,株式会社粕田屋,アイソメイラストのサービス説明アニメーション | カミナシ従業員【粕田屋制作実績】,,386,未判定,2026-09-27,アニメーション 説明動画 制作事例,,https://www.youtube.com/watch?v=fFLAfD-s74Q
アニメーション説明動画,株式会社粕田屋,仕組みの説明（文字では伝わらない内容の可視化）,（種類からの既定）,粕田屋,株式会社粕田屋,デジコ紹介アニメーション30秒【粕田屋制作実績】,,86,未判定,2026-09-27,アニメーション 説明動画 制作事例,,https://www.youtube.com/watch?v=iSx6_JH10u8
アニメーション説明動画,株式会社 Global Japan Corporation(GJC),仕組みの説明（文字では伝わらない内容の可視化）,（種類からの既定）,,株式会社 Global Japan Corporation(GJC),樹脂窓紹介アニメーション動画の制作実績,,37,未判定,2026-09-27,アニメーション 説明動画 制作事例,,https://www.youtube.com/watch?v=wc79QY0WIqI
アニメーション説明動画,,仕組みの説明（文字では伝わらない内容の可視化）,（種類からの既定）,アニメーション動画制作 カプセルメディア,アニメーション動画制作 カプセルメディア,【健康食品の商品PR紹介動画実績】アニメーション広告動画制作,,152,未判定,2026-09-27,アニメーション 説明動画 制作事例,,https://www.youtube.com/watch?v=3Y2Gd3AGuQM
アニメーション説明動画,,サービス・商品の理解促進（検討中の見込み客向け）,サービス紹介,【動画制作サービス】Movie Stage (ムービーステージ),【動画制作サービス】Movie Stage (ムービーステージ),【サービス紹介動画】ISO審査認証機関 アニメーション動画 (Movie Stage制作実績),,152,未判定,2026-09-27,アニメーション 説明動画 制作事例,,https://www.youtube.com/watch?v=uN9FYpidV5A
サービス・商品紹介,たかはしかずき,サービス・商品の理解促進（検討中の見込み客向け）,サービス紹介,,たかはしかずき,【制作事例】クラウドケア_サービス紹介動画,,69,未判定,2026-09-27,サービス紹介動画 制作事例,,https://www.youtube.com/watch?v=4amP5ku9KMQ
サービス・商品紹介,フラッグシティパートナーズ,サービス・商品の理解促進（検討中の見込み客向け）,サービス紹介,,KENGO　TOUHIRA,【制作事例】フラッグシティパートナーズ様 サービス紹介動画,,67,未判定,2026-09-27,サービス紹介動画 制作事例,,https://www.youtube.com/watch?v=i0ir072DQrE
サービス・商品紹介,MECEプロデュース,サービス・商品の理解促進（検討中の見込み客向け）,サービス紹介,,わたがし,サービス紹介動画　(MECEプロデュース様)　制作実績,,91,未判定,2026-09-27,サービス紹介動画 制作事例,,https://www.youtube.com/watch?v=PaHHiZrrj4s
サービス・商品紹介,JTB,サービス・商品の理解促進（検討中の見込み客向け）,サービス紹介,,カマラボチャンネル　〜三浦半島のモノづくりの秘密基地〜,【アニメーション制作事例】JTBさま サービス紹介動画,,4,未判定,2026-09-27,サービス紹介動画 制作事例,,https://www.youtube.com/watch?v=ItKvkb3gpho
サービス・商品紹介,,サービス・商品の理解促進（検討中の見込み客向け）,サービス紹介,voss create -,voss create -,【制作事例】サービス紹介動画・Amazon動画広告・SNS動画広告等｜各PR動画制作なら VOSS CREATE ！,,505,未判定,2026-09-27,サービス紹介動画 制作事例,,https://www.youtube.com/watch?v=VkzjSULcvsk
会社紹介・コーポレート,合同会社Oblivion,会社の信頼獲得（営業・採用の共通素材）,（種類からの既定）,,合同会社Oblivion,【Lテイクアウト&オーダー】Urban Coffee【PR動画制作事例】,,165,未判定,2026-09-27,会社紹介動画 制作事例,,https://www.youtube.com/watch?v=L3MS-2w-ErE
会社紹介・コーポレート,株式会社Curiver,サービス・商品の理解促進（検討中の見込み客向け）,商品紹介,,株式会社Curiver,商品紹介動画制作事例　販促やプロモーション向けシャンプー・ヘアケア紹介,,6926,未判定,2026-09-27,会社紹介動画 制作事例,,https://www.youtube.com/watch?v=YpxGU50nfP8
会社紹介・コーポレート,株式会社オンワードコーポレートデザイン,会社の信頼獲得（営業・採用の共通素材）,（種類からの既定）,社内広報動画の,Video BRAIN ビデオブレイン 誰でも簡単に使える法人向け動画編集クラウド,【社内広報動画の制作事例】株式会社オンワードコーポレートデザイン様【Video BRAIN制作】,,577,未判定,2026-09-27,会社紹介動画 制作事例,,https://www.youtube.com/watch?v=wKGnJnqg2dY
会社紹介・コーポレート,,会社の信頼獲得（営業・採用の共通素材）,（種類からの既定）,みつきデザイン /映像制作,みつきデザイン /映像制作,【制作事例】カフェのプロモーション動画,,994,未判定,2026-09-27,会社紹介動画 制作事例,,https://www.youtube.com/watch?v=iUykXljlSE8
会社紹介・コーポレート,株式会社湖池屋,サービス・商品の理解促進（検討中の見込み客向け）,サービス紹介,Video BRAIN ビデオブレイン 誰でも簡単に使える法人向け動画編集クラウド,Video BRAIN ビデオブレイン 誰でも簡単に使える法人向け動画編集クラウド,商品/サービス紹介の動画の（法人取引向け）制作事例_ 株式会社湖池屋様【Video BRAIN制作】,,607,未判定,2026-09-27,会社紹介動画 制作事例,,https://www.youtube.com/watch?v=PDnpvACIJKE
展示会・サイネージ,株式会社クラウドユニオン,展示会ブースの集客（通行者の足止め）,展示会,,株式会社粕田屋,オリジナルソングでサービス訴求展示会用アニメCM | 株式会社クラウドユニオン【粕田屋制作実績2024】,,117,未判定,2026-09-27,展示会 動画 制作事例,,https://www.youtube.com/watch?v=hQ6uZx3Er34
展示会・サイネージ,第一環境株式会社,展示会ブースの集客（通行者の足止め）,展示会,PDN,株式会社ピー・ディー・ネットワーク,【展示会動画】第一環境株式会社様「第一環境が描く水道サービスの未来形」(PDN制作実績),,539,未判定,2026-09-27,展示会 動画 制作事例,,https://www.youtube.com/watch?v=168AUeynBQo
展示会・サイネージ,株式会社ネクスコ東日本エンジニアリング,展示会ブースの集客（通行者の足止め）,展示会,,ココロ株式会社,【映像制作事例】株式会社ネクスコ東日本エンジニアリング お手洗い使用状況表示器 展示会映像【ココロ株式会社】,,396,未判定,2026-09-27,展示会 動画 制作事例,,https://www.youtube.com/watch?v=U6HHcxXpYgw
展示会・サイネージ,アコーダー株式会社,サービス・商品の理解促進（検討中の見込み客向け）,商品紹介,,アコーダー株式会社,商品紹介動画｜イサム塗料【CRONOS HD】 (アコーダー CG制作 映像制作 事例),,456,未判定,2026-09-27,展示会 動画 制作事例,,https://www.youtube.com/watch?v=f_giwpyYuGg
展示会・サイネージ,海外展示会用Movie《（株）,展示会ブースの集客（通行者の足止め）,展示会,,株式会社エッジ,海外展示会用Movie《（株）エッジの動画制作実績》,,77,未判定,2026-09-27,展示会 動画 制作事例,,https://www.youtube.com/watch?v=EdUmiIRds4g
採用動画,,ブランド・理念の発信（信頼の醸成）,想い,福島県の採用動画制作サービス【サイドウ】,福島県の採用動画制作サービス【サイドウ】,【採用動画 制作事例】旭自動車工業｜福島・郡山で働く｜整備士・営業・事務のリアルな仕事風景と企業の想いを映像化,,180,未判定,2026-09-27,採用動画 制作事例,,https://www.youtube.com/watch?v=EtKwPWgyKX4
採用動画,,採用（応募者の集客・入社前の理解）,（種類からの既定）,福島県の採用動画制作サービス【サイドウ】,福島県の採用動画制作サービス【サイドウ】,【採用動画 制作事例】光和建材｜建材業の魅力を“生の声”で伝える｜福島・郡山の地域密着企業の働き方とは？,,194,未判定,2026-09-27,採用動画 制作事例,,https://www.youtube.com/watch?v=3lFAfelHF6Q
採用動画,ベオーネチャンネル,採用（応募者の集客・入社前の理解）,（種類からの既定）,,ベオーネチャンネル,【採用動画】わんこ暮らし,,21,未判定,2026-09-27,採用動画 制作事例,,https://www.youtube.com/watch?v=AgSWjc_noZ8
採用動画,株式会社シャノン」,会社の信頼獲得（営業・採用の共通素材）,会社紹介,アニビス,ANIBIS【初回無料の動画制作サービス】,10万円～｜会社紹介動画「株式会社シャノン」（アニビス制作実績）,,546,未判定,2026-09-27,採用動画 制作事例,,https://www.youtube.com/watch?v=IwkvdDnq96E
採用動画,株式会社ビーネックステクノロジーズ,採用（応募者の集客・入社前の理解）,（種類からの既定）,Crevo,動画制作会社Crevo (クレボ),株式会社ビーネックステクノロジーズ｜採用動画（Crevo制作実績）,,1153,未判定,2026-09-27,採用動画 制作事例,,https://www.youtube.com/watch?v=MMRieRcdBG4
研修動画,,社内教育（研修の標準化）,教育,株式会社Medizaine@YouTube運用代行&動画制作,株式会社Medizaine@YouTube運用代行&動画制作,【制作事例】医師向け教育サービスのPR動画｜顔出しなし・AI音声で制作,,10,未判定,2026-09-27,研修動画 制作事例,,https://www.youtube.com/watch?v=NSy2Ijrc_b8
研修動画,Shinez,社内教育（研修の標準化）,（種類からの既定）,,Shinez,【制作事例】2022 アニメーションをすすめる理由【ココが凄い‼】,,124,未判定,2026-09-27,研修動画 制作事例,,https://www.youtube.com/watch?v=huMKGvgfKcc
研修動画,ユリイカ進学教室,社内教育（研修の標準化）,（種類からの既定）,,photopilica,【制作事例】ユリイカ進学教室様　PR動画【4K】,,63,未判定,2026-09-27,研修動画 制作事例,,https://www.youtube.com/watch?v=iKVSFPKzOqk
研修動画,アニメーション制作コトリ VYOND,社内教育（研修の標準化）,（種類からの既定）,,アニメーション制作コトリ VYOND,保健指導用の動画制作事例「私の血糖が上がる原因は何？」,,46,未判定,2026-09-27,研修動画 制作事例,,https://www.youtube.com/watch?v=wemdel9qElU
研修動画,スターミュージックプロモーション,ブランド・理念の発信（信頼の醸成）,100周年,,スターミュージックプロモーション,【動画制作事例】久留米市立東国分小学校 創立100周年記念式典 オープニング映像,,388,未判定,2026-09-27,研修動画 制作事例,,https://www.youtube.com/watch?v=iJnB9pbOP5I
MV・ミュージックビデオ,CarBarHippo!!,楽曲のプロモーション（音楽作品の発表）,（種類からの既定）,,CarBarHippo!!,せんとんのお店のテーマ｜AI楽曲 × MV制作（制作実績）,,309,未判定,2026-09-28,MV 制作実績,,https://www.youtube.com/watch?v=ZxB1z1oPPzs
MV・ミュージックビデオ,KAHO’s room 〜映像クリエイターの部屋〜,楽曲のプロモーション（音楽作品の発表）,（種類からの既定）,,KAHO’s room 〜映像クリエイターの部屋〜,社歌アニメーションMV【制作実績】,,98,未判定,2026-09-28,MV 制作実績,,https://www.youtube.com/watch?v=IMP92xECJfs
MV・ミュージックビデオ,NAOKI TANISHITA,楽曲のプロモーション（音楽作品の発表）,（種類からの既定）,,Naoki Tanishita,MV制作実績【NAOKI TANISHITA】,,81,未判定,2026-09-28,MV 制作実績,,https://www.youtube.com/watch?v=WnNe5Fv1OeI
MV・ミュージックビデオ,TheRadioOne,楽曲のプロモーション（音楽作品の発表）,（種類からの既定）,Haru Movie Studio / はるムービースタジオ,Haru Movie Studio / はるムービースタジオ,【MV制作実績】オリジナル『HangOn』 TheRadioOne様,,100,未判定,2026-09-28,MV 制作実績,,https://www.youtube.com/watch?v=7-UxUfqF9lM
MV・ミュージックビデオ,のたわ,楽曲のプロモーション（音楽作品の発表）,（種類からの既定）,,のたわ,【見なくていいです】MV制作実績記録用,,62,未判定,2026-09-28,MV 制作実績,,https://www.youtube.com/watch?v=3guFswMvQkQ
SNS広告（縦型）,,SNSでの獲得（短尺・縦型の広告）,（種類からの既定）,飲食店PV,Sea side studio CREMO,【飲食店PV制作】SNS用縦型ムービー｜北鎌倉『あいす日和』 | CREMO  #カフェ   #映像制作,,286,未判定,2026-09-28,SNS広告 縦型 事例,,https://www.youtube.com/watch?v=4OEUGeib_yk
SNS広告（縦型）,チャンネル千巻,SNSでの獲得（短尺・縦型の広告）,（種類からの既定）,,チャンネル千巻,ターゲットのハートをロックオン  SNS広告,,28,未判定,2026-09-28,SNS広告 縦型 事例,,https://www.youtube.com/watch?v=SnaF7HfPPV4
SNS広告（縦型）,こうのくみこ【お絵かきクリエイター®︎】,SNSでの獲得（短尺・縦型の広告）,（種類からの既定）,,こうのくみこ【お絵かきクリエイター®︎】,【お絵かきムービー®︎】縦型広告（クリエイターになりたい方へ）,,721,未判定,2026-09-28,SNS広告 縦型 事例,,https://www.youtube.com/watch?v=YlH8bB7gE7o
SNS広告（縦型）,ASONECORPORATION,SNSでの獲得（短尺・縦型の広告）,（種類からの既定）,,ASONECORPORATION,屋内縦型デジタルサイネージ（67-4933-91～95）,,186,未判定,2026-09-28,SNS広告 縦型 事例,,https://www.youtube.com/watch?v=W-2uatan5uc
SNS広告（縦型）,,採用（応募者の集客・入社前の理解）,求人,voss create -,voss create -,【制作事例】SNS用求人動画広告・店舗紹介・サービス紹介・施設紹介等｜各PR動画制作なら VOSS CREATE ！,,99,未判定,2026-09-28,SNS広告 縦型 事例,,https://www.youtube.com/watch?v=I9eiuYRZTqs
WebCM,,商品・サービスの認知獲得（広告出稿）,CM,SKY PRODUCTION株式会社 │ 実績チャンネル,SKY PRODUCTION株式会社 │ 実績チャンネル,化粧品 Web CM【Rimodoセルフケア美容液】,,448,未判定,2026-09-28,WebCM 制作事例,,https://www.youtube.com/watch?v=N5RaBSGws7k
WebCM,agent,商品・サービスの認知獲得（広告出稿）,WebCM,PROOX,動画制作・映像制作のプルークス,【WebCM】株式会社groove agent様_セミナーPR映像（PROOX制作実績）,,708,未判定,2026-09-28,WebCM 制作事例,,https://www.youtube.com/watch?v=GV_ySFuGTEw
WebCM,dog,商品・サービスの認知獲得（広告出稿）,WEBCM,動画制作・映像制作のプルークス,動画制作・映像制作のプルークス,【WEBCM】株式会社Social dog様_サービス紹介映像 part1,,593,未判定,2026-09-28,WebCM 制作事例,,https://www.youtube.com/watch?v=UF5_SB21iOg
WebCM,株式会社 Global Japan Corporation(GJC),サービス・商品の理解促進（検討中の見込み客向け）,サービス紹介,,株式会社 Global Japan Corporation(GJC),保険サービス紹介の広告動画の制作実績,,452,未判定,2026-09-28,WebCM 制作事例,,https://www.youtube.com/watch?v=bRp7CG6vBwE
WebCM,株式会社 Global Japan Corporation(GJC),商品・サービスの認知獲得（広告出稿）,（種類からの既定）,,株式会社 Global Japan Corporation(GJC),【映像制作】会社・学校紹介・店舗・企業PR制作実績ダイジェスト動画,,1192,未判定,2026-09-28,WebCM 制作事例,,https://www.youtube.com/watch?v=FtrbUcODSDw
アニメーション説明動画,株式会社 Global Japan Corporation(GJC),採用（応募者の集客・入社前の理解）,求人,,株式会社 Global Japan Corporation(GJC),採用PR（プロモーション）動画！求人（リクルート）アニメーション動画の制作実績,,4323,未判定,2026-09-28,アニメーション 説明動画 制作事例,,https://www.youtube.com/watch?v=UY25UetIuOQ
アニメーション説明動画,,仕組みの説明（文字では伝わらない内容の可視化）,（種類からの既定）,アニメーション動画制作チームIn-Luck,アニメーション動画制作チームIn-Luck,アニメーション動画制作事例：栄気堂,,13,未判定,2026-09-28,アニメーション 説明動画 制作事例,,https://www.youtube.com/watch?v=8tI4VtNB09U
アニメーション説明動画,DDDちゃんねる,仕組みの説明（文字では伝わらない内容の可視化）,（種類からの既定）,,DDDちゃんねる,【制作実績】アニメーション動画,,10,未判定,2026-09-28,アニメーション 説明動画 制作事例,,https://www.youtube.com/watch?v=qsGAuTQ1vM4
アニメーション説明動画,DY不動産,仕組みの説明（文字では伝わらない内容の可視化）,（種類からの既定）,Animede,アニメ動画制作のアニメデ (Animede),【事例紹介】アニメーション制作｜DY不動産様ブランディングムービー【Animede制作実績】,,23168,未判定,2026-09-28,アニメーション 説明動画 制作事例,,https://www.youtube.com/watch?v=OvEAfZoZ1JE
アニメーション説明動画,,仕組みの説明（文字では伝わらない内容の可視化）,（種類からの既定）,アニメーション動画制作 カプセルメディア,アニメーション動画制作 カプセルメディア,【制作実績】工務店の採用動画｜柱に書かれた「ありがとう」から始まる30秒｜カプセルメディア,,0,未判定,2026-09-28,アニメーション 説明動画 制作事例,,https://www.youtube.com/watch?v=vd7zuXTX98U
サービス・商品紹介,株式会社ジェイノベーション,サービス・商品の理解促進（検討中の見込み客向け）,サービス紹介,,株式会社JINNOVATION,【オールインワン商社】サービス紹介動画 PV01 株式会社ジェイノベーション,,419,未判定,2026-09-28,サービス紹介動画 制作事例,,https://www.youtube.com/watch?v=kjIMdocUHac
サービス・商品紹介,株式会社 Global Japan Corporation(GJC),サービス・商品の理解促進（検討中の見込み客向け）,（種類からの既定）,,株式会社 Global Japan Corporation(GJC),インフルエンサーマッチングアプリ紹介動画の制作実績,,1150,未判定,2026-09-28,サービス紹介動画 制作事例,,https://www.youtube.com/watch?v=lmZE0nRDc7U
サービス・商品紹介,Delicious Notes,サービス・商品の理解促進（検討中の見込み客向け）,サービス紹介,,Delicious Notes,30以上の媒体を一括管理！uberallサービス紹介動画【MEO対策】,,674,未判定,2026-09-28,サービス紹介動画 制作事例,,https://www.youtube.com/watch?v=cnHfwRMb16k
サービス・商品紹介,PLUS DESIGN,サービス・商品の理解促進（検討中の見込み客向け）,サービス紹介,,PLUS DESIGN,制作事例（サービス紹介）,,4,未判定,2026-09-28,サービス紹介動画 制作事例,,https://www.youtube.com/watch?v=LqTZe3PpRs4
サービス・商品紹介,ロゴ作成のLOGO市,サービス・商品の理解促進（検討中の見込み客向け）,サービス紹介,,ロゴ作成のLOGO市,ロゴ作成の「LOGO市」サービス紹介動画【中小企業からニッポンを元気にプロジェクト】,,1349,未判定,2026-09-28,サービス紹介動画 制作事例,,https://www.youtube.com/watch?v=ewJODHu91_w
会社紹介・コーポレート,株式会社クールマン,会社の信頼獲得（営業・採用の共通素材）,（種類からの既定）,アミッケ,株式会社アミッケ,株式会社クールマン｜YouTube動画制作（アミッケ制作事例）,,18,未判定,2026-09-28,会社紹介動画 制作事例,,https://www.youtube.com/watch?v=K1sJYaH7efE
会社紹介・コーポレート,福沢箔押,会社の信頼獲得（営業・採用の共通素材）,企業紹介,,日本コーバン株式会社,制作事例　福沢箔押様企業紹介動画,,125,未判定,2026-09-28,会社紹介動画 制作事例,,https://www.youtube.com/watch?v=vRZYOur47cw
会社紹介・コーポレート,,サービス・商品の理解促進（検討中の見込み客向け）,サービス紹介,Crevo,動画制作会社Crevo (クレボ),サービス紹介動画「セキュリティガイドライン」（Crevo制作実績）,,1587,未判定,2026-09-28,会社紹介動画 制作事例,,https://www.youtube.com/watch?v=mAXDywKh_Kg
会社紹介・コーポレート,VIRGO,会社の信頼獲得（営業・採用の共通素材）,（種類からの既定）,STUDIO201,STUDIO201,【映像制作】VIRGO 様 / コンセプトムービー 【制作事例】 #STUDIO201,,181,未判定,2026-09-28,会社紹介動画 制作事例,,https://www.youtube.com/watch?v=P_ogzV3QKfU
会社紹介・コーポレート,,会社の信頼獲得（営業・採用の共通素材）,（種類からの既定）,歯科クリニック映像制作アプローチ,歯科クリニック映像制作アプローチ,成田市ラシーヌ歯科の医院紹介PV｜歯科映像制作事例,,1849,未判定,2026-09-28,会社紹介動画 制作事例,,https://www.youtube.com/watch?v=zIk5NREvmqI
展示会・サイネージ,,展示会ブースの集客（通行者の足止め）,展示会,STAR-TOKYO-PRODUCTION,STAR-TOKYO-PRODUCTION,STAR PRODUCTION｜制作事例：展示会動画,,3,未判定,2026-09-28,展示会 動画 制作事例,,https://www.youtube.com/watch?v=L98_Ear3MQ8
展示会・サイネージ,株式会社HERP,展示会ブースの集客（通行者の足止め）,展示会,動画制作・映像制作のプルークス,動画制作・映像制作のプルークス,【サービス紹介動画】株式会社HERP様_展示会用動画,,1034,未判定,2026-09-28,展示会 動画 制作事例,,https://www.youtube.com/watch?v=JY0vwt3y0eY
展示会・サイネージ,川村義肢株式会社,展示会ブースの集客（通行者の足止め）,展示会,,アコーダー株式会社,展示会動画｜川村義肢株式会社 (アコーダー  映像制作 生成AI 事例),,98,未判定,2026-09-28,展示会 動画 制作事例,,https://www.youtube.com/watch?v=n8nf-FnrpxM
展示会・サイネージ,,展示会ブースの集客（通行者の足止め）,展示会,アレドレ映像制作部,アレドレ映像制作部,【企業向け】展示会 動画制作 作例 企業PR動画 会社紹介映像 会社紹介PV コーポレート動画 企業PV 企業プロモーション動画／広告代理店アレドレ制作の展示会用動画制作事例です,,238,未判定,2026-09-28,展示会 動画 制作事例,,https://www.youtube.com/watch?v=UWQhEQBKxgM
展示会・サイネージ,,展示会ブースの集客（通行者の足止め）,展示会,STAR-TOKYO-PRODUCTION,STAR-TOKYO-PRODUCTION,STAR PRODUCTION｜制作事例：展示会動画 SNS用,,146,未判定,2026-09-28,展示会 動画 制作事例,,https://www.youtube.com/watch?v=DslesBmwfn0
採用動画,玉野化成株式会社,採用（応募者の集客・入社前の理解）,新卒,,玉野化成株式会社,【製造1部 成形部門】新卒採用ムービー（求人動画）,,852,未判定,2026-09-28,採用動画 制作事例,,https://www.youtube.com/watch?v=Dk4qK4r9xWE
採用動画,株式会社アーキ・ジャパン,採用（応募者の集客・入社前の理解）,（種類からの既定）,Crevo,動画制作会社Crevo (クレボ),採用動画｜株式会社アーキ・ジャパン（Crevo制作実績）,,591,未判定,2026-09-28,採用動画 制作事例,,https://www.youtube.com/watch?v=Qet68oYtWo4
採用動画,,採用（応募者の集客・入社前の理解）,（種類からの既定）,【ムビハピ】企業動画制作サービス,【ムビハピ】企業動画制作サービス,【採用動画 その1】まずはここから。採用動画の３つのメリットと注意点！,,868,未判定,2026-09-28,採用動画 制作事例,,https://www.youtube.com/watch?v=cWO3y6PdOjM
採用動画,池上和の動画活用 内製化コンサル-by動画の窓口-動画活用のよりどころ,採用（応募者の集客・入社前の理解）,（種類からの既定）,,池上和の動画活用 内製化コンサル-by動画の窓口-動画活用のよりどころ,採用動画のススメ,,319,未判定,2026-09-28,採用動画 制作事例,,https://www.youtube.com/watch?v=D3x2Ey3J0as
採用動画,HVC One,採用（応募者の集客・入社前の理解）,（種類からの既定）,,HVC One,採用動画制作で抑えるべき３つのポイント#映像制作会社 #福岡 #映像制作 #採用動画 #採用ムービー #採用 #企業pr #人事 #採用担当,,679,未判定,2026-09-28,採用動画 制作事例,,https://www.youtube.com/watch?v=EuRODuzMHBg
研修動画,彩里デザイン,社内教育（研修の標準化）,教育,,彩里デザイン,【制作事例】教育教材ＰＲ映像（広告用）,,31,未判定,2026-09-28,研修動画 制作事例,,https://www.youtube.com/watch?v=oPF7N3Gq5I0
研修動画,Shinez,社内教育（研修の標準化）,（種類からの既定）,,Shinez,【制作事例】アニメーションで売り上げ向上と差別化‼,,41,未判定,2026-09-28,研修動画 制作事例,,https://www.youtube.com/watch?v=k6v8NQc7z1M
研修動画,川瀬ともこ【お絵かきクリエイター®️】,社内教育（研修の標準化）,教育,,川瀬ともこ【お絵かきクリエイター®️】,【制作事例】テラスポU９　#お絵かきムービー 　#テラスポーツ　#幼児教育,,104,未判定,2026-09-28,研修動画 制作事例,,https://www.youtube.com/watch?v=TVLmliPzUC8
研修動画,南野幸子,社内教育（研修の標準化）,（種類からの既定）,,おおばようこ,【制作事例】南野幸子さまショートムービー,,63,未判定,2026-09-28,研修動画 制作事例,,https://www.youtube.com/watch?v=wGl2c_UeG8k
研修動画,オリロジー,社内教育（研修の標準化）,（種類からの既定）,,かよVyondアニメーション動画,【制作事例】オリロジー様自己紹介動画,,121,未判定,2026-09-28,研修動画 制作事例,,https://www.youtube.com/watch?v=2tXqTRGPpKg
MV・ミュージックビデオ,MITSUKAL,楽曲のプロモーション（音楽作品の発表）,（種類からの既定）,,MITSUKAL,CENTRAL BURGER SHOP｜店舗PV制作実績｜MITSUKAL,,151,未判定,2026-09-29,MV 制作実績,,https://www.youtube.com/watch?v=MGVXUsMVlII
MV・ミュージックビデオ,nicoa⌇MV,楽曲のプロモーション（音楽作品の発表）,（種類からの既定）,,nicoa⌇MV,【制作実績】エンディングアニメーション（ループ）,,36,未判定,2026-09-29,MV 制作実績,,https://www.youtube.com/watch?v=_R1x8ZkMRrg
MV・ミュージックビデオ,KAHO’s room 〜映像クリエイターの部屋〜,楽曲のプロモーション（音楽作品の発表）,（種類からの既定）,,KAHO’s room 〜映像クリエイターの部屋〜,【MV制作実績】『my home town』,,32,未判定,2026-09-29,MV 制作実績,,https://www.youtube.com/watch?v=0ii2d60WaSM
MV・ミュージックビデオ,神楽酒造,楽曲のプロモーション（音楽作品の発表）,（種類からの既定）,,有限会社ティーネットプロ,TNETPRO　動画制作実績　神楽酒造様プロモーションビデオ,,53,未判定,2026-09-29,MV 制作実績,,https://www.youtube.com/watch?v=nO347X8-8uk
MV・ミュージックビデオ,RIKKA,楽曲のプロモーション（音楽作品の発表）,（種類からの既定）,株式会社スタジオナナ,株式会社スタジオナナ,【映像制作実績】和装×神社ロケのシネマティックPV｜RIKKA様 プロモーション映像,,11,未判定,2026-09-29,MV 制作実績,,https://www.youtube.com/watch?v=8pTyDGkTK90
SNS広告（縦型）,SNS・YouTube運用 マーケドリブン | pamxy,SNSでの獲得（短尺・縦型の広告）,（種類からの既定）,,SNS・YouTube運用 マーケドリブン | pamxy,動画広告の制作会社オススメ7社！SNS動画に強い会社を紹介,,398,未判定,2026-09-29,SNS広告 縦型 事例,,https://www.youtube.com/watch?v=NQIOSGFMsiE
SNS広告（縦型）,,SNSでの獲得（短尺・縦型の広告）,（種類からの既定）,QAIDEA inc. /Super Quality Movie Production,QAIDEA inc. /Super Quality Movie Production,ウェディング / 結婚式場 のオシャレなスマホ向け縦動画制作の事例,,291,未判定,2026-09-29,SNS広告 縦型 事例,,https://www.youtube.com/watch?v=Q4-3TjnCMoU
SNS広告（縦型）,,SNSでの獲得（短尺・縦型の広告）,（種類からの既定）,QAIDEA inc. /Super Quality Movie Production,QAIDEA inc. /Super Quality Movie Production,ウェディング / 結婚式場のオシャレなスマホ向け縦動画制作 ロングver.,,984,未判定,2026-09-29,SNS広告 縦型 事例,,https://www.youtube.com/watch?v=B6pv7CTWFdE
SNS広告（縦型）,お店ムービー / FSDホームズ / Food Style & Design,会社の信頼獲得（営業・採用の共通素材）,会社紹介,,お店ムービー / FSDホームズ / Food Style & Design,【制作実績】不動産/賃貸物件のルームツアー紹介動画　集客動画/PR動画/映像制作/制作依頼/制作事例/会社紹介/店舗紹介/投資家/大家/サイネージ/プロモーション,,622,未判定,2026-09-29,SNS広告 縦型 事例,,https://www.youtube.com/watch?v=YfL7Ud05oeQ
SNS広告（縦型）,株式会社ライスカレープラス　最新SNSマーケテイング情報お届け,SNSでの獲得（短尺・縦型の広告）,（種類からの既定）,,株式会社ライスカレープラス　最新SNSマーケテイング情報お届け,【TikTok】スキップされない工夫してますか…TikTok広告のいろは教えます,,1008,未判定,2026-09-29,SNS広告 縦型 事例,,https://www.youtube.com/watch?v=QGauLZJ3O-E
WebCM,株式会社 Global Japan Corporation(GJC),商品・サービスの認知獲得（広告出稿）,（種類からの既定）,,株式会社 Global Japan Corporation(GJC),EV（電気自動車）カーシェアリングサービス映像の制作実績,,84,未判定,2026-09-29,WebCM 制作事例,,https://www.youtube.com/watch?v=w6jgjoy32gg
WebCM,河窪建設,商品・サービスの認知獲得（広告出稿）,（種類からの既定）,,株式会社CIRCLE,【広告実績】　𝘞𝘌𝘉広告　河窪建設様　スリースマイルホーム𝘞𝘌𝘉広告 (circle inc制作実績),,88,未判定,2026-09-29,WebCM 制作事例,,https://www.youtube.com/watch?v=iQfUmQCzx6c
WebCM,株式会社Curiver,商品・サービスの認知獲得（広告出稿）,（種類からの既定）,,株式会社Curiver,化粧品・コスメイベントのPR映像制作事例　サイネージや動画広告向け動画,,1701,未判定,2026-09-29,WebCM 制作事例,,https://www.youtube.com/watch?v=xPLSJ_DRDws
WebCM,,サービス・商品の理解促進（検討中の見込み客向け）,製品紹介,動画マーケティングコンサルティング会社）,動画マーケティングコンサルティング会社）,製品紹介（オリジナルコンテンツ）_制作実績 W CREATIVE（ダブルクリエイティブ）（【公式】W CREATIVE株式会社,,5170,未判定,2026-09-29,WebCM 制作事例,,https://www.youtube.com/watch?v=biApqXCYri4
WebCM,株式会社エムティーアイ,サービス・商品の理解促進（検討中の見込み客向け）,サービス紹介,LOCUS,動画制作の株式会社LOCUS,【サービス紹介動画】株式会社エムティーアイ様（LOCUS制作実績）,,126,未判定,2026-09-29,WebCM 制作事例,,https://www.youtube.com/watch?v=hFZFX070Bu0
アニメーション説明動画,株式会社60,サービス・商品の理解促進（検討中の見込み客向け）,サービス紹介,,株式会社CIRCLE,【アニメーション】dayBirth サービス紹介  株式会社60様 (circle inc制作実績),,134,未判定,2026-09-29,アニメーション 説明動画 制作事例,,https://www.youtube.com/watch?v=QCIe33O4JYQ
アニメーション説明動画,株式会社 Global Japan Corporation(GJC),仕組みの説明（文字では伝わらない内容の可視化）,（種類からの既定）,,株式会社 Global Japan Corporation(GJC),アニメーションを使用した業務効率化ツールの紹介動画制作実績,,1100,未判定,2026-09-29,アニメーション 説明動画 制作事例,,https://www.youtube.com/watch?v=G8Ct9tX4kps
アニメーション説明動画,株式会社粕田屋,仕組みの説明（文字では伝わらない内容の可視化）,（種類からの既定）,,株式会社粕田屋,セルアニメ風広告アニメ縦ver｜粕田屋制作実績 #アニメーション #アニメーションcm #アニメーション制作 #動画制作 #2danimation #aftereffects #animation,,693,未判定,2026-09-29,アニメーション 説明動画 制作事例,,https://www.youtube.com/watch?v=IroLo9FHLHw
アニメーション説明動画,株式会社総栄新卒採用ブランディングアニメーション,採用（応募者の集客・入社前の理解）,新卒,粕田屋,株式会社粕田屋,株式会社総栄新卒採用ブランディングアニメーション【粕田屋制作実績】,,192,未判定,2026-09-29,アニメーション 説明動画 制作事例,,https://www.youtube.com/watch?v=f7e7Bj8-AmI
アニメーション説明動画,,仕組みの説明（文字では伝わらない内容の可視化）,（種類からの既定）,World Change Analysis inc.,World Change Analysis inc.,アニメーション紹介動画_埼玉の映像・動画制作会社ワールドチェンジアナリシス,,3060,未判定,2026-09-29,アニメーション 説明動画 制作事例,,https://www.youtube.com/watch?v=f_1yuNnthWs
サービス・商品紹介,株式会社グローウィル」,サービス・商品の理解促進（検討中の見込み客向け）,サービス紹介,アニビス,ANIBIS【初回無料の動画制作サービス】,20万円～｜サービス紹介動画「株式会社グローウィル」（アニビス制作実績）,,215,未判定,2026-09-29,サービス紹介動画 制作事例,,https://www.youtube.com/watch?v=EbN_oJQb6lE
サービス・商品紹介,,サービス・商品の理解促進（検討中の見込み客向け）,サービス紹介,voss create -,voss create -,【制作事例】サービス紹介動画・Amazon動画広告・SNS動画広告｜各PR動画制作なら VOSS CREATE ！,,68,未判定,2026-09-29,サービス紹介動画 制作事例,,https://www.youtube.com/watch?v=gSYAntxJ3yg
サービス・商品紹介,,サービス・商品の理解促進（検討中の見込み客向け）,サービス紹介,Crevo,動画制作会社Crevo (クレボ),サービス紹介動画「VACAN Throne」（Crevo制作実績）,,1912,未判定,2026-09-29,サービス紹介動画 制作事例,,https://www.youtube.com/watch?v=4vzUbyvRiz8
サービス・商品紹介,tomonika,サービス・商品の理解促進（検討中の見込み客向け）,サービス紹介,ともにか,tomonika,サービス紹介動画「ONE」 アニメーション版 （ともにか制作実績）,,199,未判定,2026-09-29,サービス紹介動画 制作事例,,https://www.youtube.com/watch?v=ehCYN45pS4g
サービス・商品紹介,ゆじ,サービス・商品の理解促進（検討中の見込み客向け）,サービス紹介,,ゆじ,作成事例【woww.ai】サービス紹介動画,,192,未判定,2026-09-29,サービス紹介動画 制作事例,,https://www.youtube.com/watch?v=7UPalIumwuo
会社紹介・コーポレート,,サービス・商品の理解促進（検討中の見込み客向け）,サービス紹介,voss create -,voss create -,【制作事例】サービス紹介動画・Amazon動画広告・SNS動画広告｜各PR動画制作なら VOSS CREATE ！,,178,未判定,2026-09-29,会社紹介動画 制作事例,,https://www.youtube.com/watch?v=5TmxtchX3FI
展示会・サイネージ,,展示会ブースの集客（通行者の足止め）,展示会,ニュータイププロジェクト 動画制作,ニュータイププロジェクト 動画制作,食品用手袋｜展示会向け製品紹介動画,,121,未判定,2026-09-29,展示会 動画 制作事例,,https://www.youtube.com/watch?v=qwjBkccYa-0
展示会・サイネージ,,展示会ブースの集客（通行者の足止め）,展示会,ニュータイププロジェクト 動画制作,ニュータイププロジェクト 動画制作,小型映像中継車｜展示会向け製品紹介動画,,70,未判定,2026-09-29,展示会 動画 制作事例,,https://www.youtube.com/watch?v=-4OAuNwUFFE
展示会・サイネージ,アコーダー株式会社,展示会ブースの集客（通行者の足止め）,展示会,,アコーダー株式会社,展示会動画｜コムラ製作所  (アコーダー CG制作 映像制作 モーショングラフィックス 事例),,70,未判定,2026-09-29,展示会 動画 制作事例,,https://www.youtube.com/watch?v=8NpOXc3-PK8
展示会・サイネージ,示会イベント用商品紹介動画-ラッキー工業株式会社,展示会ブースの集客（通行者の足止め）,展示会,ムビサク@サクっと伝わる動画制作・映像制作会社,ムビサク@サクっと伝わる動画制作・映像制作会社,展示会イベント用商品紹介動画-ラッキー工業株式会社│動画制作・映像制作会社なら【ムビサク】,,11969,未判定,2026-09-29,展示会 動画 制作事例,,https://www.youtube.com/watch?v=Pa4T5FXuoHM
展示会・サイネージ,株式会社クオリティア,展示会ブースの集客（通行者の足止め）,展示会,Crevo,動画制作会社Crevo (クレボ),株式会社クオリティア｜展示会紹介動画「QUALITIA」（Crevo制作実績）,,136,未判定,2026-09-29,展示会 動画 制作事例,,https://www.youtube.com/watch?v=jbJqba3Uxcc
採用動画,株式会社日本システムデザイン」,採用（応募者の集客・入社前の理解）,（種類からの既定）,アニビス,ANIBIS【初回無料の動画制作サービス】,20万円～｜人材採用動画「株式会社日本システムデザイン」（アニビス制作実績）,,989,未判定,2026-09-29,採用動画 制作事例,,https://www.youtube.com/watch?v=aiPCEDBC2wY
採用動画,株式会社BLISS,採用（応募者の集客・入社前の理解）,（種類からの既定）,Crevo,動画制作会社Crevo (クレボ),株式会社BLISS｜採用動画（Crevo制作実績）,,882,未判定,2026-09-29,採用動画 制作事例,,https://www.youtube.com/watch?v=-fTraRpKEII
採用動画,建設業の求人採用戦略パートナー,採用（応募者の集客・入社前の理解）,求人,,建設業の求人採用戦略パートナー,求職者に刺さる【リアル採用動画】　 #建設業 #採用動画 製造業　#求人内製化　#採用,,2600,未判定,2026-09-29,採用動画 制作事例,,https://www.youtube.com/watch?v=65L8JpLdjvA
採用動画,株式会社日本ケアコミュニケーションズ」,採用（応募者の集客・入社前の理解）,（種類からの既定）,アニビス,ANIBIS【初回無料の動画制作サービス】,広告動画「株式会社日本ケアコミュニケーションズ」（アニビス制作実績）,,384,未判定,2026-09-29,採用動画 制作事例,,https://www.youtube.com/watch?v=o6N5RGeMc4w
採用動画,スター歯科クリニック高槻駅前院,採用（応募者の集客・入社前の理解）,（種類からの既定）,歯科クリニック映像制作アプローチ,歯科クリニック映像制作アプローチ,歯科医院の採用動画・集患PV制作事例｜スター歯科クリニック高槻駅前院様【映像制作・採用サイト構築：アプローチ株式会社】,,63,未判定,2026-09-29,採用動画 制作事例,,https://www.youtube.com/watch?v=nQpCGQJSFZk
研修動画,とうきょうの情報教育【東京都教育委員会YouTube】,サービス・商品の理解促進（検討中の見込み客向け）,活用事例,,とうきょうの情報教育【東京都教育委員会YouTube】,（高校生向け①）「教育ダッシュボード活用事例紹介ムービー」東京都教育委員会,,950,未判定,2026-09-29,研修動画 制作事例,,https://www.youtube.com/watch?v=zGBsfWxPNmc
研修動画,しみずともこ【お絵かきクリエイター®︎】,社内教育（研修の標準化）,（種類からの既定）,,しみずともこ【お絵かきクリエイター®︎】,京進の学童クラブ　HOPPA「お絵かきムービー®︎」制作事例,,79,未判定,2026-09-29,研修動画 制作事例,,https://www.youtube.com/watch?v=feXqXiLwtCc
研修動画,南野幸子,社内教育（研修の標準化）,（種類からの既定）,,おおばようこ,【制作事例】南野幸子さま人生ムービー,,123,未判定,2026-09-29,研修動画 制作事例,,https://www.youtube.com/watch?v=hZOXETN3HAU
研修動画,アニメーション制作コトリ VYOND,社内教育（研修の標準化）,（種類からの既定）,,アニメーション制作コトリ VYOND,VYONDホワイトボード広告制作事例｜申請代行サービス説明,,139,未判定,2026-09-29,研修動画 制作事例,,https://www.youtube.com/watch?v=NGmYeYXJ1tg
研修動画,なみき通り歯科・矯正歯科,社内教育（研修の標準化）,教育,歯科の動画,歯科クリニック映像制作アプローチ,【歯科の動画制作事例】歯科医師採用PR動画｜なみき通り歯科・矯正歯科様｜教育体制と医院の魅力を伝える映像制作,,90,未判定,2026-09-29,研修動画 制作事例,,https://www.youtube.com/watch?v=Uf2ILlr_OZM
MV・ミュージックビデオ,Holdings,サービス・商品の理解促進（検討中の見込み客向け）,サービス紹介,LOCUS,動画制作の株式会社LOCUS,【サービス紹介動画】株式会社CAC Holdings様（LOCUS制作実績）,,436,未判定,2026-09-30,MV 制作実績,,https://www.youtube.com/watch?v=FHAhzge_8YY
MV・ミュージックビデオ,MOANA,楽曲のプロモーション（音楽作品の発表）,（種類からの既定）,飲食店PR動画,big up,【飲食店PR動画制作実績】MOANA様 30秒ver,,151,未判定,2026-09-30,MV 制作実績,,https://www.youtube.com/watch?v=W_whox4eoYs
MV・ミュージックビデオ,あんそにぃ٩( ᐛ )وDesigner / Streamer,楽曲のプロモーション（音楽作品の発表）,（種類からの既定）,,あんそにぃ٩( ᐛ )وDesigner / Streamer,【制作実績】モデルも一新✨自作で待機動画つくった【#vtuber #あんそにぃ 】,,62,未判定,2026-09-30,MV 制作実績,,https://www.youtube.com/watch?v=-EzCI0f__Qg
MV・ミュージックビデオ,tomonika,楽曲のプロモーション（音楽作品の発表）,（種類からの既定）,ともにか,tomonika,オープニング動画「激励会」（ともにか制作実績）,,306,未判定,2026-09-30,MV 制作実績,,https://www.youtube.com/watch?v=wy4mlzIl6PY
MV・ミュージックビデオ,株式会社和真,サービス・商品の理解促進（検討中の見込み客向け）,商品紹介,PROOX,動画制作・映像制作のプルークス,【商品紹介動画】株式会社和真様_テレスマホPR映像（PROOX制作実績）,,877,未判定,2026-09-30,MV 制作実績,,https://www.youtube.com/watch?v=vgqDu2qrrqA
MV・ミュージックビデオ,蝶理株式会社,会社の信頼獲得（営業・採用の共通素材）,会社紹介,LOCUS,動画制作の株式会社LOCUS,【会社紹介動画】蝶理株式会社様（LOCUS制作実績）,,651,未判定,2026-09-30,MV 制作実績,,https://www.youtube.com/watch?v=rkjPcv_GnFo
SNS広告（縦型）,株式会社ライスカレープラス　最新SNSマーケテイング情報お届け,SNSでの獲得（短尺・縦型の広告）,（種類からの既定）,,株式会社ライスカレープラス　最新SNSマーケテイング情報お届け,【8月】X NEWS ～ユーザーの約8割が企業アカウントをフォロー！求められている情報は…？～,,4548,未判定,2026-09-30,SNS広告 縦型 事例,,https://www.youtube.com/watch?v=PyUjhTwPT0A
SNS広告（縦型）,スキルパーク,SNSでの獲得（短尺・縦型の広告）,（種類からの既定）,,スキルパーク,縦か横か、勝つのはどっち？動画の“形”で変わる効果と最強の使い分け術を公開！,,4,未判定,2026-09-30,SNS広告 縦型 事例,,https://www.youtube.com/watch?v=uS7FYadTRcY
SNS広告（縦型）,ロイヤルクリスタルカフェ,サービス・商品の理解促進（検討中の見込み客向け）,導入事例,,ヤマトサイネージ,65インチ 屋外用デジタルサイネージ 導入事例 ｜ ロイヤルクリスタルカフェ 様,,474,未判定,2026-09-30,SNS広告 縦型 事例,,https://www.youtube.com/watch?v=ExIouhOJhjs
SNS広告（縦型）,岩本屋 是・空チャンネル,商品・サービスの認知獲得（広告出稿）,CM,,岩本屋 是・空チャンネル,らーめん岩本屋 スマホ用縦型YouTube CM《採用バナー》 230303,,349142,未判定,2026-09-30,SNS広告 縦型 事例,,https://www.youtube.com/watch?v=G2DMfQUhwg8
SNS広告（縦型）,【動画経営】YouTubeマーケティングコンサル酒井大輔,採用（応募者の集客・入社前の理解）,求人,,【動画経営】YouTubeマーケティングコンサル酒井大輔,求人動画でも、縦型ショートは効果的？【YouTube採用】,,116,未判定,2026-09-30,SNS広告 縦型 事例,,https://www.youtube.com/watch?v=lTI0AUzHJ2s
SNS広告（縦型）,SNS・YouTube運用 マーケドリブン | pamxy,SNSでの獲得（短尺・縦型の広告）,（種類からの既定）,,SNS・YouTube運用 マーケドリブン | pamxy,【TikTok広告】成功に導く4つのポイントと成功事例,,725,未判定,2026-09-30,SNS広告 縦型 事例,,https://www.youtube.com/watch?v=bRMK-1Su61s
SNS広告（縦型）,tsuji-1214,SNSでの獲得（短尺・縦型の広告）,（種類からの既定）,,tsuji-1214,ショート広告動画　架空商品,,129,未判定,2026-09-30,SNS広告 縦型 事例,,https://www.youtube.com/watch?v=DNKAoZ74Yig
SNS広告（縦型）,アニメーション動画クリエイター　MARIE,SNSでの獲得（短尺・縦型の広告）,（種類からの既定）,,アニメーション動画クリエイター　MARIE,Tiktokで手描きPRアニメーションの広告,,219,未判定,2026-09-30,SNS広告 縦型 事例,,https://www.youtube.com/watch?v=_LM0b454948
WebCM,,商品・サービスの認知獲得（広告出稿）,（種類からの既定）,15秒動画製作所【株式会社SIORU】,15秒動画製作所【株式会社SIORU】,【エステサロンのYouTube広告事例】深層筋から整える代謝アップサロン（縦型ショート動画）,,157,未判定,2026-09-30,WebCM 制作事例,,https://www.youtube.com/watch?v=gQiLpXlA6a8
WebCM,株式会社トーセイ公式ホームページ,技術力・設備の提示（取引先と採用の両方に効く）,製造,,株式会社デジタルクリエーション,【制作実績】大阪の精巧バネ製造の株式会社トーセイ公式ホームページ,,46,未判定,2026-09-30,WebCM 制作事例,,https://www.youtube.com/watch?v=qw207eU00pM
WebCM,株式会社Mizkan,サービス・商品の理解促進（検討中の見込み客向け）,商品紹介,LOCUS,動画制作の株式会社LOCUS,【商品紹介動画】株式会社Mizkan様（LOCUS制作実績）,,154,未判定,2026-09-30,WebCM 制作事例,,https://www.youtube.com/watch?v=rQSJapIf1rg
WebCM,,商品・サービスの認知獲得（広告出稿）,（種類からの既定）,Crevo,動画制作会社Crevo (クレボ),サイト掲載用動画「OMOTE」（Crevo制作実績）,,1065,未判定,2026-09-30,WebCM 制作事例,,https://www.youtube.com/watch?v=GfIi7sk3DQc
WebCM,GingerGarden,商品・サービスの認知獲得（広告出稿）,（種類からの既定）,,THE MAJESTIC,【店舗PR動画】EIGHT STAND by GingerGarden様（THE MAJESTIC制作実績）,,53,未判定,2026-09-30,WebCM 制作事例,,https://www.youtube.com/watch?v=drmZ8dSEtCk
WebCM,28k_creation,商品・サービスの認知獲得（広告出稿）,（種類からの既定）,,28k_creation,ドライヤーCM制作事例,,268,未判定,2026-09-30,WebCM 制作事例,,https://www.youtube.com/watch?v=aMBLtk5EYkw
WebCM,NTTコムウェア,商品・サービスの認知獲得（広告出稿）,（種類からの既定）,オフィスカラーズ,【公式】企業映像に強い制作会社 オフィスカラーズ,【製品プロモーション】NTTコムウェア様　「follow  SaaS版」プロモーション動画（オフィスカラーズ制作実績）,,427,未判定,2026-09-30,WebCM 制作事例,,https://www.youtube.com/watch?v=Sg-gDuEXsn4
WebCM,Uranashi,商品・サービスの認知獲得（広告出稿）,（種類からの既定）,,Uranashi,【制作実績】電子出版セミナー広告,,1995,未判定,2026-09-30,WebCM 制作事例,,https://www.youtube.com/watch?v=KosYmostbzs
WebCM,,商品・サービスの認知獲得（広告出稿）,（種類からの既定）,アニメーション動画制作 カプセルメディア,アニメーション動画制作 カプセルメディア,【Amazonに載せる商品PR紹介動画実績】アニメーション広告動画制作,,152,未判定,2026-09-30,WebCM 制作事例,,https://www.youtube.com/watch?v=jq71POsH7a4
WebCM,株式会社日本システムデザイン」,サービス・商品の理解促進（検討中の見込み客向け）,サービス紹介,アニビス,ANIBIS【初回無料の動画制作サービス】,40万円｜サービス紹介動画「株式会社日本システムデザイン」（アニビス制作実績）,,2150,未判定,2026-09-30,WebCM 制作事例,,https://www.youtube.com/watch?v=PDL5l3gFMHE
アニメーション説明動画,Animove,操作・業務手順の教育（問い合わせ削減）,操作説明,DXアニメーション動画,Animove,操作説明マニュアル動画（抜粋 ver）【DXアニメーション動画制作事例】,,746,未判定,2026-09-30,アニメーション 説明動画 制作事例,,https://www.youtube.com/watch?v=v7swSucjg0U
アニメーション説明動画,,仕組みの説明（文字では伝わらない内容の可視化）,（種類からの既定）,Animede,アニメ動画制作のアニメデ (Animede),【事例紹介】アニメーション制作｜千川総合病院 来院者用ご案内動画【Animede制作実績】,,49,未判定,2026-09-30,アニメーション 説明動画 制作事例,,https://www.youtube.com/watch?v=CE3ZfIwUJVU
アニメーション説明動画,共同技研株式会社,仕組みの説明（文字では伝わらない内容の可視化）,（種類からの既定）,,グローカルマーケティング株式会社,【制作事例】共同技研株式会社｜事業紹介アニメーション動画,,28,未判定,2026-09-30,アニメーション 説明動画 制作事例,,https://www.youtube.com/watch?v=hkJwypbWOFU
アニメーション説明動画,ITソリューション会社,仕組みの説明（文字では伝わらない内容の可視化）,（種類からの既定）,アニメーション動画制作 カプセルメディア,アニメーション動画制作 カプセルメディア,【アニメーション動画制作実績】サービスPR動画(ITソリューション会社様),,16,未判定,2026-09-30,アニメーション 説明動画 制作事例,,https://www.youtube.com/watch?v=riWIg5OG9TA
アニメーション説明動画,株式会社ヴェルク,仕組みの説明（文字では伝わらない内容の可視化）,（種類からの既定）,,カマラボチャンネル　〜三浦半島のモノづくりの秘密基地〜,【アニメーション制作事例】株式会社ヴェルクさま サービス紹介動画,,40,未判定,2026-09-30,アニメーション 説明動画 制作事例,,https://www.youtube.com/watch?v=hrA1TdcCyF8
アニメーション説明動画,株式会社 Global Japan Corporation(GJC),サービス・商品の理解促進（検討中の見込み客向け）,サービス紹介,,株式会社 Global Japan Corporation(GJC),アニメーションを使用したサービス紹介映像の制作実績,,1449,未判定,2026-09-30,アニメーション 説明動画 制作事例,,https://www.youtube.com/watch?v=cTNq8APd1Wk
アニメーション説明動画,株式会社理究キッズ,仕組みの説明（文字では伝わらない内容の可視化）,（種類からの既定）,,プレゼン資料制作の専門家【プレサポ 高村】,【パワポ動画】アニメーション動画制作事例_株式会社理究キッズ様,,795,未判定,2026-09-30,アニメーション 説明動画 制作事例,,https://www.youtube.com/watch?v=9cq0SXAGdmc
アニメーション説明動画,,サービス・商品の理解促進（検討中の見込み客向け）,サービス紹介,【動画制作サービス】Movie Stage (ムービーステージ),【動画制作サービス】Movie Stage (ムービーステージ),【サービス紹介動画】不動産担保ローン アニメーション動画 (Movie Stage制作実績),,352,未判定,2026-09-30,アニメーション 説明動画 制作事例,,https://www.youtube.com/watch?v=LRVgds5IU7c
アニメーション説明動画,,仕組みの説明（文字では伝わらない内容の可視化）,（種類からの既定）,Unplug_studio,Unplug_studio,【アニメーション動画制作実績】hive（ハイヴ）｜クリエイターズコミュニティ紹介動画,,647,未判定,2026-09-30,アニメーション 説明動画 制作事例,,https://www.youtube.com/watch?v=zHW3NUiSy4k
アニメーション説明動画,,サービス・商品の理解促進（検討中の見込み客向け）,商品紹介,動画制作・ウェブ制作　思創堂の制作実績チャンネル,動画制作・ウェブ制作　思創堂の制作実績チャンネル,動画制作　大阪　商品紹介アニメーション動画　「ラトックシステム」,,38,未判定,2026-09-30,アニメーション 説明動画 制作事例,,https://www.youtube.com/watch?v=UIUkCSZ71mI
会社紹介・コーポレート,株式会社アダル,会社の信頼獲得（営業・採用の共通素材）,（種類からの既定）,,株式会社アダル【adal_contractfurniture】,株式会社アダル コーポレートムービー「人の営みのそばに」,,2217,未判定,2026-09-30,コーポレートムービー 制作事例,,https://www.youtube.com/watch?v=D8SQLKFqMGk
会社紹介・コーポレート,浜崎工業株式会社,会社の信頼獲得（営業・採用の共通素材）,（種類からの既定）,,浜崎工業株式会社,浜崎工業株式会社　 コーポレートムービー,,1434,未判定,2026-09-30,コーポレートムービー 制作事例,,https://www.youtube.com/watch?v=pyTFWQV2nCM
会社紹介・コーポレート,TakeMe株式会社,サービス・商品の理解促進（検討中の見込み客向け）,導入事例,,"TakeMe Co.,Ltd.",TakeMe株式会社 会社紹介 / 導入事例紹介 コーポレートムービー 2022,,278,未判定,2026-09-30,コーポレートムービー 制作事例,,https://www.youtube.com/watch?v=91MRlLYlFQ0
会社紹介・コーポレート,株式会社エデュコン,会社の信頼獲得（営業・採用の共通素材）,（種類からの既定）,,株式会社エデュコン,エデュコン コーポレートムービー,,888,未判定,2026-09-30,コーポレートムービー 制作事例,,https://www.youtube.com/watch?v=hq_jzaBfYkk
会社紹介・コーポレート,ビジネスブレイン太田昭和 (BBS Group),会社の信頼獲得（営業・採用の共通素材）,（種類からの既定）,,ビジネスブレイン太田昭和 (BBS Group),「BBS - 3. 使命編」コーポレートムービー（30秒）,,110621,未判定,2026-09-30,コーポレートムービー 制作事例,,https://www.youtube.com/watch?v=GS3ZG0J_swg
会社紹介・コーポレート,株式会社三英社製作所,会社の信頼獲得（営業・採用の共通素材）,（種類からの既定）,,株式会社三英社製作所,コーポレート動画（シネマ風）,,652,未判定,2026-09-30,コーポレートムービー 制作事例,,https://www.youtube.com/watch?v=J3vFQ47LD2c
会社紹介・コーポレート,株式会社アダル,会社の信頼獲得（営業・採用の共通素材）,（種類からの既定）,,株式会社アダル【adal_contractfurniture】,【株式会社アダル】コーポレートムービー Short Ver.,,801,未判定,2026-09-30,コーポレートムービー 制作事例,本編でない（別バージョン・短縮版・告知）,https://www.youtube.com/watch?v=5r11XKm_z-g
会社紹介・コーポレート,クラフトアールチャンネル,会社の信頼獲得（営業・採用の共通素材）,（種類からの既定）,,クラフトアールチャンネル,【制作事例】クラフトアール｜動物病院コンセプトムービー 002,,42,未判定,2026-09-30,コーポレートムービー 制作事例,,https://www.youtube.com/watch?v=OhIqpWzBg-4
会社紹介・コーポレート,(株)AccDigital,会社の信頼獲得（営業・採用の共通素材）,（種類からの既定）,,動画確認用,(株)AccDigital コーポレートムービー,,160,未判定,2026-09-30,コーポレートムービー 制作事例,,https://www.youtube.com/watch?v=faHGUgDIHcY
会社紹介・コーポレート,Channel Panasonic - Official,会社の信頼獲得（営業・採用の共通素材）,（種類からの既定）,,Channel Panasonic - Official,パナソニック インフォメーションシステムズ　コーポレートムービー（2025年Version）,,1197227,未判定,2026-09-30,コーポレートムービー 制作事例,,https://www.youtube.com/watch?v=9bFQOQHGxqw
サービス・商品紹介,株式会社アカルク,社内教育（研修の標準化）,eラーニング,アニメ動画制作ならGivee株式会社,アニメ動画制作ならGivee株式会社,【サービス紹介アニメーション動画】株式会社アカルク様 LGBTQ eラーニング アニメーション制作事例参考,,698,未判定,2026-09-30,サービス紹介動画 制作事例,,https://www.youtube.com/watch?v=jyB-SUwNzHA
サービス・商品紹介,株式会社アミッケ,サービス・商品の理解促進（検討中の見込み客向け）,サービス紹介,アミッケ,株式会社アミッケ,CARCAREJAPAN｜1分CM（サービス紹介）動画制作（アミッケ制作事例）,,7,未判定,2026-09-30,サービス紹介動画 制作事例,,https://www.youtube.com/watch?v=DLqBHXGKkts
サービス・商品紹介,モビルス株式会社,サービス・商品の理解促進（検討中の見込み客向け）,導入事例,株式会社Lumii動画,動画制作・映像制作の株式会社Lumii,【サービス紹介】モビルス株式会社様_導入事例編【株式会社Lumii動画制作実績】,,180,未判定,2026-09-30,サービス紹介動画 制作事例,,https://www.youtube.com/watch?v=BfYDlrU2HwI
サービス・商品紹介,八木兵株式会社,サービス・商品の理解促進（検討中の見込み客向け）,サービス紹介,株式会社DAYONE | 成果重視のクリエイティブパートナー,株式会社DAYONE | 成果重視のクリエイティブパートナー,【サービス紹介動画】八木兵株式会社様（DAY ONE制作実績事例）,,621,未判定,2026-09-30,サービス紹介動画 制作事例,,https://www.youtube.com/watch?v=nfZcSp4cKCo
サービス・商品紹介,株式会社 Global Japan Corporation(GJC),サービス・商品の理解促進（検討中の見込み客向け）,商品紹介,,株式会社 Global Japan Corporation(GJC),商品紹介動画（メイク用品）の制作実績,,114,未判定,2026-09-30,サービス紹介動画 制作事例,,https://www.youtube.com/watch?v=akOjDr-7Bdg
サービス・商品紹介,アスカレッジ,サービス・商品の理解促進（検討中の見込み客向け）,サービス紹介,,小野寺美雪,制作事例　アスカレッジ様サービス紹介動画,,407,未判定,2026-09-30,サービス紹介動画 制作事例,,https://www.youtube.com/watch?v=k01sCRYSZME
サービス・商品紹介,株式会社ワコール,サービス・商品の理解促進（検討中の見込み客向け）,サービス紹介,Video BRAIN ビデオブレイン 誰でも簡単に使える法人向け動画編集クラウド,Video BRAIN ビデオブレイン 誰でも簡単に使える法人向け動画編集クラウド,【 Video BRAIN 制作事例】商品/サービス紹介_1_株式会社ワコール,,522,未判定,2026-09-30,サービス紹介動画 制作事例,,https://www.youtube.com/watch?v=KChP6WlFXgk
サービス・商品紹介,,サービス・商品の理解促進（検討中の見込み客向け）,サービス紹介,Crevo,動画制作会社Crevo (クレボ),サービス紹介動画「カラーミーショップ」（Crevo制作実績）,,24745,未判定,2026-09-30,サービス紹介動画 制作事例,,https://www.youtube.com/watch?v=q1I9PP_eqPo
サービス・商品紹介,any株式会社,サービス・商品の理解促進（検討中の見込み客向け）,サービス紹介,PROOX,動画制作・映像制作のプルークス,【サービス紹介】any株式会社様_「Qast」PR映像（PROOX制作実績）,,1030,未判定,2026-09-30,サービス紹介動画 制作事例,,https://www.youtube.com/watch?v=tr2vhN0Bm1s
サービス・商品紹介,株式会社」,サービス・商品の理解促進（検討中の見込み客向け）,サービス紹介,アニビス,ANIBIS【初回無料の動画制作サービス】,20万円～｜サービス紹介動画「EDGEMATRIX株式会社」（アニビス制作実績）,,162,未判定,2026-09-30,サービス紹介動画 制作事例,,https://www.youtube.com/watch?v=OuDejBPY0KQ
マニュアル動画,株式会社アミッケ,操作・業務手順の教育（問い合わせ削減）,（種類からの既定）,アミッケ,株式会社アミッケ,飲食店｜マニュアル動画（アミッケ制作事例）,,106,未判定,2026-09-30,マニュアル動画 制作事例,,https://www.youtube.com/watch?v=EajGrXeMGmE
マニュアル動画,株式会社テンナイン・コミュニケーション,操作・業務手順の教育（問い合わせ削減）,（種類からの既定）,LOCUS,動画制作の株式会社LOCUS,【マニュアル動画】株式会社テンナイン・コミュニケーション様（LOCUS制作実績）,,209,未判定,2026-09-30,マニュアル動画 制作事例,,https://www.youtube.com/watch?v=Ut3EIPUv8-g
マニュアル動画,株式会社湖池屋,操作・業務手順の教育（問い合わせ削減）,（種類からの既定）,Video BRAIN ビデオブレイン 誰でも簡単に使える法人向け動画編集クラウド,Video BRAIN ビデオブレイン 誰でも簡単に使える法人向け動画編集クラウド,【 Video BRAIN 制作事例】マニュアル_1_株式会社湖池屋,,500,未判定,2026-09-30,マニュアル動画 制作事例,,https://www.youtube.com/watch?v=xK5pwMwyHsk
マニュアル動画,,操作・業務手順の教育（問い合わせ削減）,（種類からの既定）,株式会社火燵 【LLMO・動画マーケティング】,株式会社火燵 【LLMO・動画マーケティング】,【30秒受験】動画初心者がマニュアル動画制作する方法,,967,未判定,2026-09-30,マニュアル動画 制作事例,,https://www.youtube.com/watch?v=OK8R8O4mcas
マニュアル動画,株式会社アクタム,操作・業務手順の教育（問い合わせ削減）,（種類からの既定）,,株式会社アクタム,【建設業DX化】Emma張り替えマニュアル動画｜株式会社アクタム,,145,未判定,2026-09-30,マニュアル動画 制作事例,,https://www.youtube.com/watch?v=JLeBrSJllDc
展示会・サイネージ,,展示会ブースの集客（通行者の足止め）,（種類からの既定）,名古屋の映像制作会社 | 株式会社SynApps,名古屋の映像制作会社 | 株式会社SynApps,展示映像制作事例 | まとめて5タイトル | 名古屋の映像制作会社SynApps,,32,未判定,2026-09-30,展示会 動画 制作事例,,https://www.youtube.com/watch?v=5KWBI7ueOX0
展示会・サイネージ,,サービス・商品の理解促進（検討中の見込み客向け）,商品紹介,ニュータイププロジェクト 動画制作,ニュータイププロジェクト 動画制作,自立式杖｜商品紹介動画,,40,未判定,2026-09-30,展示会 動画 制作事例,,https://www.youtube.com/watch?v=qzJfAsFSJi8
展示会・サイネージ,株式会社イワシタ,サービス・商品の理解促進（検討中の見込み客向け）,サービス紹介,CINEMATO - 動画制作・映像制作サービス -,CINEMATO - 動画制作・映像制作サービス -,【サービス紹介動画】株式会社イワシタ様　SAERTEX-LINER紹介動画,,384,未判定,2026-09-30,展示会 動画 制作事例,,https://www.youtube.com/watch?v=QhYyR6Ermt4
展示会・サイネージ,,展示会ブースの集客（通行者の足止め）,展示会,voss create -,voss create -,【制作事例】販促用動画・展示会用動画・セミナー用動画｜各PR動画制作なら VOSS CREATE ！,,78,未判定,2026-09-30,展示会 動画 制作事例,,https://www.youtube.com/watch?v=XlbLMxUx1AI
採用動画,株式会社シックスコーポレーション,採用（応募者の集客・入社前の理解）,新卒,,株式会社シックスコーポレーション,【制作事例】新卒採用募集用動画｜不動産関連企業,,83,未判定,2026-09-30,採用動画 制作事例,,https://www.youtube.com/watch?v=efy11awzKGE
採用動画,月山映像 Corporate Channel,採用（応募者の集客・入社前の理解）,（種類からの既定）,,月山映像 Corporate Channel,福祉の採用動画 SMILE06｜「福祉のスペシャリスト」篇,,69,未判定,2026-09-30,採用動画 制作事例,,https://www.youtube.com/watch?v=DQajj8KmaWE
採用動画,,採用（応募者の集客・入社前の理解）,（種類からの既定）,アニビス,ANIBIS【初回無料の動画制作サービス】,広告動画「EGタイトLight」（アニビス制作実績）,,163,未判定,2026-09-30,採用動画 制作事例,,https://www.youtube.com/watch?v=YED-OfIJlyc
採用動画,J:COM BUSINESS,採用（応募者の集客・入社前の理解）,（種類からの既定）,,J:COM BUSINESS,採用率がアップする！事例で学ぶ採用動画のはじめ方【ダイジェスト版】,,15992,未判定,2026-09-30,採用動画 制作事例,,https://www.youtube.com/watch?v=22tjdXbZFq4
採用動画,KeiNack,採用（応募者の集客・入社前の理解）,（種類からの既定）,,KeiNack,【動画制作事例】｜CM動画④　動画制作例｜中村総合メディアサービス,,28,未判定,2026-09-30,採用動画 制作事例,,https://www.youtube.com/watch?v=nbLPkirMI0A
採用動画,,採用（応募者の集客・入社前の理解）,（種類からの既定）,福島県の採用動画制作サービス【サイドウ】,福島県の採用動画制作サービス【サイドウ】,【採用動画 制作事例】いえらぶパートナーズ｜不動産×テクノロジーで社会課題に挑む｜Z世代に響く“仕事の意義”を伝える採用動画,,124,未判定,2026-09-30,採用動画 制作事例,,https://www.youtube.com/watch?v=odKxoS8DzWk
採用動画,株式会社May-Plus,採用（応募者の集客・入社前の理解）,新卒,,【公式】株式会社あつまる,【あつまるの成功事例】新卒採用コンサルティング事例お客様の声_株式会社May-Plus,,108,未判定,2026-09-30,採用動画 制作事例,,https://www.youtube.com/watch?v=oh_V9HLN7PI
採用動画,wahoo tv ジブトリマーズ,採用（応募者の集客・入社前の理解）,求人,,wahoo tv ジブトリマーズ,【求人：採用動画】御社で働く魅力を発信しよう！求人用の社員の声・採用動画制作御社で働く魅力を発信しよう！#採用 #求人動画 #新卒採用  https://jibjib.jp/recruit/,,157,未判定,2026-09-30,採用動画 制作事例,,https://www.youtube.com/watch?v=KvZu0NyS6L0
採用動画,,社内教育（研修の標準化）,研修,品川動画配信スタジオ / セミナー研修の撮影・ライブ配信代行,品川動画配信スタジオ / セミナー研修の撮影・ライブ配信代行,就活生・求職者が見たい採用動画のつくり方【品川動画配信スタジオ】 セミナー・研修・講演・e-ラーニング,,707,未判定,2026-09-30,採用動画 制作事例,,https://www.youtube.com/watch?v=QClizO-o0Ls
採用動画,ヒオリス公式チャンネル,採用（応募者の集客・入社前の理解）,（種類からの既定）,,ヒオリス公式チャンネル,自社で採用動画を作るとどうなる？　#映像制作 #採用,,2107,未判定,2026-09-30,採用動画 制作事例,,https://www.youtube.com/watch?v=9TfAMIph28E
MV・ミュージックビデオ,日本下水道事業団,楽曲のプロモーション（音楽作品の発表）,（種類からの既定）,LOCUS,動画制作の株式会社LOCUS,【施設紹介動画】日本下水道事業団様（LOCUS制作実績）,,247,未判定,2026-10-01,MV 制作実績,,https://www.youtube.com/watch?v=hcUj4LXeOmg
MV・ミュージックビデオ,Re:Lifeチャンネル,楽曲のプロモーション（音楽作品の発表）,（種類からの既定）,,Re:Lifeチャンネル,制作実績  プロモーションビデオ【アーティスト】,,164,未判定,2026-10-01,MV 制作実績,,https://www.youtube.com/watch?v=-utuPqo05JM
MV・ミュージックビデオ,ヒゲプロ,楽曲のプロモーション（音楽作品の発表）,（種類からの既定）,,ヒゲプロ,ヒゲプロ制作実績動画《イベントグラフィックス編》,,45,未判定,2026-10-01,MV 制作実績,,https://www.youtube.com/watch?v=-nimu3ZvsVQ
MV・ミュージックビデオ,あんそにぃ٩( ᐛ )وDesigner / Streamer,楽曲のプロモーション（音楽作品の発表）,（種類からの既定）,,あんそにぃ٩( ᐛ )وDesigner / Streamer,【制作実績】モデルも一新✨自作でエンディング動画つくった【#vtuber #あんそにぃ 】,,55,未判定,2026-10-01,MV 制作実績,,https://www.youtube.com/watch?v=1w_Ah_BrCEQ
MV・ミュージックビデオ,ヒゲプロ,楽曲のプロモーション（音楽作品の発表）,（種類からの既定）,,ヒゲプロ,ヒゲプロ動画制作実績《インフォグラフィック編》,,388,未判定,2026-10-01,MV 制作実績,,https://www.youtube.com/watch?v=0T9tqtFOxYU
SNS広告（縦型）,【Nデジ】n2pのデジタルマーケティング研究所,SNSでの獲得（短尺・縦型の広告）,（種類からの既定）,,【Nデジ】n2pのデジタルマーケティング研究所,【縦型動画】ショートドラマでブランド浸透！HABA x こねこフィルムのXキャンペーン,,90,未判定,2026-10-01,SNS広告 縦型 事例,,https://www.youtube.com/watch?v=Chn_SfAom1k
SNS広告（縦型）,Food Style & Design,SNSでの獲得（短尺・縦型の広告）,（種類からの既定）,,Food Style & Design,縦型動画_制作イメージ,,379,未判定,2026-10-01,SNS広告 縦型 事例,,https://www.youtube.com/watch?v=ehbPYueCSio
SNS広告（縦型）,ダグアクト,SNSでの獲得（短尺・縦型の広告）,（種類からの既定）,,ダグアクト,【動画制作】店舗PRの縦型動画 【Instagram/TikTok/YouTube】,,121,未判定,2026-10-01,SNS広告 縦型 事例,,https://www.youtube.com/watch?v=H-bbu8IGFE4
SNS広告（縦型）,デジタルサイネージ）,SNSでの獲得（短尺・縦型の広告）,（種類からの既定）,,デジタルサイネージ）,Pサラリーマン金太郎【店内モニター用縦型サイネージ】（電子かんばん屋,,85,未判定,2026-10-01,SNS広告 縦型 事例,,https://www.youtube.com/watch?v=6Em4dIEtnnA
SNS広告（縦型）,売上が伸びるSNS運用_TaTap,SNSでの獲得（短尺・縦型の広告）,（種類からの既定）,,売上が伸びるSNS運用_TaTap,【ショート(縦型）動画活用】SNSにおけるインフルエンサーマーケティング活用で今話題のTATE-PROとは何か?企業/ブランドのサービス担当者必見。,,1077,未判定,2026-10-01,SNS広告 縦型 事例,,https://www.youtube.com/watch?v=9xeBVx1Gkhc
SNS広告（縦型）,合同会社Ethilia,SNSでの獲得（短尺・縦型の広告）,（種類からの既定）,,MiTok,【SNS広告の常識を覆す！従来の半分のコストと期間で成果を最大化。合同会社Ethilia】,,205,未判定,2026-10-01,SNS広告 縦型 事例,,https://www.youtube.com/watch?v=9T79yK6Hvio
SNS広告（縦型）,アニメーション制作コトリ VYOND,SNSでの獲得（短尺・縦型の広告）,（種類からの既定）,,アニメーション制作コトリ VYOND,ショート広告/アニメーション広告/VYOND/ビジネスフレンドリー,,1949,未判定,2026-10-01,SNS広告 縦型 事例,,https://www.youtube.com/watch?v=nCv_4bSMpqQ
SNS広告（縦型）,インフルエンサーワークス,SNSでの獲得（短尺・縦型の広告）,（種類からの既定）,,アニメーション制作コトリ VYOND,インフルエンサーワークス 様　納品動画TikTok用（VYOND/広告動画/ビジネスフレンドリー）,,373,未判定,2026-10-01,SNS広告 縦型 事例,,https://www.youtube.com/watch?v=44IPJXtCR_Y
WebCM,SHUNICHI KOMATSU,商品・サービスの認知獲得（広告出稿）,（種類からの既定）,,SHUNICHI KOMATSU,テンダ Dojoナビ＿事業説明動画＿インフォグラフィックス動画＿INFOVIDEO制作事例,,205,未判定,2026-10-01,WebCM 制作事例,,https://www.youtube.com/watch?v=zHGpsAn_r0c
WebCM,集客チラシデザインラボ,商品・サービスの認知獲得（広告出稿）,（種類からの既定）,,集客チラシデザインラボ,内科クリニックのクレドカードデザイン制作事例についてご紹介します,,75,未判定,2026-10-01,WebCM 制作事例,,https://www.youtube.com/watch?v=GAnsjyb3nvk
WebCM,三井住友海上保険株式会社,商品・サービスの認知獲得（広告出稿）,（種類からの既定）,Crevo,動画制作会社Crevo (クレボ),三井住友海上保険株式会社｜認知拡大動画 B（Crevo制作実績）,,465,未判定,2026-10-01,WebCM 制作事例,,https://www.youtube.com/watch?v=E8hg9aCmftg
WebCM,株式会社リクルート,サービス・商品の理解促進（検討中の見込み客向け）,サービス紹介,CINEMATO,CINEMATO - 動画制作・映像制作サービス -,【サービス紹介動画】株式会社リクルート  様　カムバック採用サービス「Alumy」／元社員との  再接続で新たな採用チャネルを【CINEMATO制作実績】,,16162,未判定,2026-10-01,WebCM 制作事例,,https://www.youtube.com/watch?v=zFsp2BCV55k
WebCM,狩生孝之のWEB集客講座,商品・サービスの認知獲得（広告出稿）,（種類からの既定）,,狩生孝之のWEB集客講座,Cocoonで構築するコーポレートサイト制作事例【WordPressテーマのコクーンで公式ホームページを作成してみました】,,2794,未判定,2026-10-01,WebCM 制作事例,,https://www.youtube.com/watch?v=n8_WvDNOymE
アニメーション説明動画,,仕組みの説明（文字では伝わらない内容の可視化）,（種類からの既定）,アニメーション動画制作 カプセルメディア,アニメーション動画制作 カプセルメディア,【アニメーション動画制作実績】YouTubeチャンネル動画,,25,未判定,2026-10-01,アニメーション 説明動画 制作事例,,https://www.youtube.com/watch?v=WsUv9gtSggQ
アニメーション説明動画,プレゼン資料制作の専門家【プレサポ 高村】,仕組みの説明（文字では伝わらない内容の可視化）,（種類からの既定）,,プレゼン資料制作の専門家【プレサポ 高村】,【パワポ動画】営業資料アニメーション動画制作事例,,763,未判定,2026-10-01,アニメーション 説明動画 制作事例,,https://www.youtube.com/watch?v=X2fuGEM7AC4
会社紹介・コーポレート,株式会社ＮＸワンビシアーカイブズ,会社の信頼獲得（営業・採用の共通素材）,（種類からの既定）,,"NX WANBISHI ARCHIVES CO., LTD.",【「変わる」を、導く。】株式会社ＮＸワンビシアーカイブズ　コーポレートムービー,,2968,未判定,2026-10-01,コーポレートムービー 制作事例,,https://www.youtube.com/watch?v=KsC6HKnXWA0
会社紹介・コーポレート,三信住建株式会社,会社の信頼獲得（営業・採用の共通素材）,会社紹介,,三信住建株式会社,三信住建コーポレートムービー（会社紹介動画）,,1136,未判定,2026-10-01,コーポレートムービー 制作事例,,https://www.youtube.com/watch?v=AC_IGfujUak
会社紹介・コーポレート,サニーサイドアップグループ公式チャンネル,会社の信頼獲得（営業・採用の共通素材）,（種類からの既定）,,サニーサイドアップグループ公式チャンネル,サニーサイドアップグループ コーポレートムービー 2023,,8002,未判定,2026-10-01,コーポレートムービー 制作事例,,https://www.youtube.com/watch?v=_1OI9AXa8tQ
会社紹介・コーポレート,日立建機日本チャンネル,会社の信頼獲得（営業・採用の共通素材）,（種類からの既定）,,日立建機日本チャンネル,【日立建機】コーポレートムービー,,3684,未判定,2026-10-01,コーポレートムービー 制作事例,,https://www.youtube.com/watch?v=c3r_V0u9eFI
会社紹介・コーポレート,,会社の信頼獲得（営業・採用の共通素材）,会社紹介,アレドレ映像制作部,アレドレ映像制作部,【企業PR動画　制作事例】会社概要PV 会社紹介動画 コーポレート動画 企業PV 企業プロモーション動画／広告代理店アレドレ制作の企業動画事例です,,128,未判定,2026-10-01,コーポレートムービー 制作事例,,https://www.youtube.com/watch?v=LtpeE91Uvgs
会社紹介・コーポレート,株式会社アダル,会社の信頼獲得（営業・採用の共通素材）,（種類からの既定）,,株式会社アダル【adal_contractfurniture】,株式会社アダル コーポレートムービー「はたらく家具をご存知ですか？」,,1460,未判定,2026-10-01,コーポレートムービー 制作事例,,https://www.youtube.com/watch?v=EkLD7cQo4vk
会社紹介・コーポレート,クラフトアールチャンネル,会社の信頼獲得（営業・採用の共通素材）,（種類からの既定）,,クラフトアールチャンネル,【制作事例】クラフトアール｜動物病院コンセプトムービー 001,,279,未判定,2026-10-01,コーポレートムービー 制作事例,,https://www.youtube.com/watch?v=vio09XO5PDc
会社紹介・コーポレート,S-Group,会社の信頼獲得（営業・採用の共通素材）,（種類からの既定）,,S-Group,S-group コーポレートムービー 【鳥取県鳥取市】,,466,未判定,2026-10-01,コーポレートムービー 制作事例,,https://www.youtube.com/watch?v=1ghmgE0NZYM
会社紹介・コーポレート,グランサーズチャンネル,会社の信頼獲得（営業・採用の共通素材）,（種類からの既定）,,グランサーズチャンネル,グランサーズコーポレートムービー,,1634,未判定,2026-10-01,コーポレートムービー 制作事例,,https://www.youtube.com/watch?v=oQRB69jz3tE
会社紹介・コーポレート,中部鋼材株式会社,会社の信頼獲得（営業・採用の共通素材）,（種類からの既定）,,中部鋼材,中部鋼材株式会社 コーポレートムービー,,800,未判定,2026-10-01,コーポレートムービー 制作事例,,https://www.youtube.com/watch?v=mHzIJa37_8M
サービス・商品紹介,商品・サービス紹介_1_KDDI株式会社,サービス・商品の理解促進（検討中の見込み客向け）,サービス紹介,Video BRAIN ビデオブレイン 誰でも簡単に使える法人向け動画編集クラウド,Video BRAIN ビデオブレイン 誰でも簡単に使える法人向け動画編集クラウド,【 Video BRAIN 制作事例】商品・サービス紹介_1_KDDI株式会社,,826,未判定,2026-10-01,サービス紹介動画 制作事例,,https://www.youtube.com/watch?v=MlVEGLz3H4M
サービス・商品紹介,,サービス・商品の理解促進（検討中の見込み客向け）,サービス紹介,Crevo,動画制作会社Crevo (クレボ),サービス紹介動画「アンバサダープラットフォーム」（Crevo制作実績）,,2061,未判定,2026-10-01,サービス紹介動画 制作事例,,https://www.youtube.com/watch?v=3HZaQpMi_gY
サービス・商品紹介,株式会社」,サービス・商品の理解促進（検討中の見込み客向け）,（種類からの既定）,アニビス,ANIBIS【初回無料の動画制作サービス】,10万円～｜広告動画「キャリアスタート株式会社」（アニビス制作実績）,,480,未判定,2026-10-01,サービス紹介動画 制作事例,,https://www.youtube.com/watch?v=CVFb6zkudkg
サービス・商品紹介,株式会社ネッスー,サービス・商品の理解促進（検討中の見込み客向け）,サービス紹介,実写＋モーショングラフィック,カマラボチャンネル　〜三浦半島のモノづくりの秘密基地〜,【実写＋モーショングラフィック 制作事例】株式会社ネッスーさま サービス紹介映像,,13,未判定,2026-10-01,サービス紹介動画 制作事例,,https://www.youtube.com/watch?v=J4lKrhowGrQ
サービス・商品紹介,CLINKS株式会社,サービス・商品の理解促進（検討中の見込み客向け）,サービス紹介,PROOX,動画制作・映像制作のプルークス,【サービス紹介】CLINKS株式会社様_勤怠管理システム紹介映像_長尺版（PROOX制作実績）,,2962,未判定,2026-10-01,サービス紹介動画 制作事例,,https://www.youtube.com/watch?v=bgEpXPUS7eU
サービス・商品紹介,,サービス・商品の理解促進（検討中の見込み客向け）,商品紹介,15秒動画製作所【株式会社SIORU】,15秒動画製作所【株式会社SIORU】,【商品紹介動画事例】こだわりのヨーグルトを紹介する30秒動画,,97,未判定,2026-10-01,サービス紹介動画 制作事例,,https://www.youtube.com/watch?v=ihTp2TiKTS8
サービス・商品紹介,サブスクランプ  - 誰でもカンタンにサブスクをはじめられる-,サービス・商品の理解促進（検討中の見込み客向け）,サービス紹介,,サブスクランプ  - 誰でもカンタンにサブスクをはじめられる-,サービス紹介動画（30秒ver）,,447599,未判定,2026-10-01,サービス紹介動画 制作事例,,https://www.youtube.com/watch?v=20QhV9Dkm-4
サービス・商品紹介,Free,サービス・商品の理解促進（検討中の見込み客向け）,サービス紹介,実写＋モーショングラフィック,カマラボチャンネル　〜三浦半島のモノづくりの秘密基地〜,【実写＋モーショングラフィック 制作事例】J&J Tax Freeさま サービス紹介映像,,34,未判定,2026-10-01,サービス紹介動画 制作事例,,https://www.youtube.com/watch?v=JNdzR5uSbWE
サービス・商品紹介,株式会社アイジーコンサルティング,サービス・商品の理解促進（検討中の見込み客向け）,サービス紹介,Video BRAIN ビデオブレイン 誰でも簡単に使える法人向け動画編集クラウド,Video BRAIN ビデオブレイン 誰でも簡単に使える法人向け動画編集クラウド,不動産サービス紹介動画の制作事例 株式会社アイジーコンサルティング様【Video BRAIN制作】,,81,未判定,2026-10-01,サービス紹介動画 制作事例,,https://www.youtube.com/watch?v=3XSNGRGPorY
サービス・商品紹介,freee株式会社,サービス・商品の理解促進（検討中の見込み客向け）,サービス紹介,動画制作・映像制作のプルークス,動画制作・映像制作のプルークス,【サービス紹介映像】freee株式会社様_freee福利厚生紹介映像(1分尺),,1761,未判定,2026-10-01,サービス紹介動画 制作事例,,https://www.youtube.com/watch?v=gTRA1fphILc
マニュアル動画,株式会社大塚商会,操作・業務手順の教育（問い合わせ削減）,（種類からの既定）,LOCUS,動画制作の株式会社LOCUS,【マニュアル動画】株式会社大塚商会様（LOCUS制作実績）,,440,未判定,2026-10-01,マニュアル動画 制作事例,,https://www.youtube.com/watch?v=go2BwUqncOU
マニュアル動画,サンキャク株式会社,操作・業務手順の教育（問い合わせ削減）,（種類からの既定）,,サンキャク株式会社,動画を社内マニュアルとして活用する方法,,183,未判定,2026-10-01,マニュアル動画 制作事例,,https://www.youtube.com/watch?v=EYKy8Yut58c
マニュアル動画,Seltech株式会社,操作・業務手順の教育（問い合わせ削減）,（種類からの既定）,,Seltech株式会社,【公式】Selkey（シェルキー）運用マニュアル動画,,871,未判定,2026-10-01,マニュアル動画 制作事例,,https://www.youtube.com/watch?v=l_4pz4jMxHc
マニュアル動画,THE ビジネスアニメーション,操作・業務手順の教育（問い合わせ削減）,操作マニュアル,ビジネスアニメ,THE ビジネスアニメーション,【ビジネスアニメ制作事例】ルートマンプロアプリ操作マニュアルPRアニメ,,68,未判定,2026-10-01,マニュアル動画 制作事例,,https://www.youtube.com/watch?v=lndfofTCpAg
マニュアル動画,,操作・業務手順の教育（問い合わせ削減）,（種類からの既定）,株式会社火燵 【LLMO・動画マーケティング】,株式会社火燵 【LLMO・動画マーケティング】,【動画編集】社内マニュアルを作成する際のポイント #adobe動画内製化ウェビナー,,417,未判定,2026-10-01,マニュアル動画 制作事例,,https://www.youtube.com/watch?v=gW2u-QkhjJ8
マニュアル動画,株式会社YPスイッチ,操作・業務手順の教育（問い合わせ削減）,（種類からの既定）,株式会社DAYONE | 成果重視のクリエイティブパートナー,株式会社DAYONE | 成果重視のクリエイティブパートナー,【マニュアル動画】株式会社YPスイッチ様②（DAY ONE制作実績事例）,,51,未判定,2026-10-01,マニュアル動画 制作事例,,https://www.youtube.com/watch?v=ATL6_DKebPo
マニュアル動画,Qrio株式会社,操作・業務手順の教育（問い合わせ削減）,（種類からの既定）,LOCUS,動画制作の株式会社LOCUS,【マニュアル動画】Qrio株式会社様（LOCUS制作実績）,,138,未判定,2026-10-01,マニュアル動画 制作事例,,https://www.youtube.com/watch?v=zcuDmafN8uA
マニュアル動画,株式会社アビリティ・インタービジネス・ソリューションズ,操作・業務手順の教育（問い合わせ削減）,（種類からの既定）,,株式会社アビリティ・インタービジネス・ソリューションズ,動画マニュアル制作3つのメリット【AIBS】,,44,未判定,2026-10-01,マニュアル動画 制作事例,,https://www.youtube.com/watch?v=Jv8G9WIC1B4
マニュアル動画,株式会社アクタム,操作・業務手順の教育（問い合わせ削減）,（種類からの既定）,,株式会社アクタム,【建設業DX化】Emma補修マニュアル動画｜株式会社アクタム,,76,未判定,2026-10-01,マニュアル動画 制作事例,,https://www.youtube.com/watch?v=9-WN-w8N7F8
マニュアル動画,継続成長の仕組み・資産づくり支援「株式会社きづくネットワーク」,社内教育（研修の標準化）,教育,,継続成長の仕組み・資産づくり支援「株式会社きづくネットワーク」,マニュアル、教育動画を、現場で最大限に活用してもらうには？,,139,未判定,2026-10-01,マニュアル動画 制作事例,,https://www.youtube.com/watch?v=xRd3YU1-lAQ
展示会・サイネージ,,展示会ブースの集客（通行者の足止め）,展示会,ビーネクサス動画コンテンツの制作事例紹介,ビーネクサス動画コンテンツの制作事例紹介,制作実績：展示会プロモ動画,,58,未判定,2026-10-01,展示会 動画 制作事例,,https://www.youtube.com/watch?v=cgo_rEV1J8s
展示会・サイネージ,AINIMO-LIMOTED,展示会ブースの集客（通行者の足止め）,展示会,,AINIMO-LIMOTED,【制作事例】Yutong Bus（宇通客車）｜ベルギー展示会向け広告映像,,10,未判定,2026-10-01,展示会 動画 制作事例,,https://www.youtube.com/watch?v=my5wEneHfsk
展示会・サイネージ,,展示会ブースの集客（通行者の足止め）,展示会,ニュータイププロジェクト 動画制作,ニュータイププロジェクト 動画制作,電子機器・コネクタ製品｜展示会向け製品紹介動画,,32,未判定,2026-10-01,展示会 動画 制作事例,,https://www.youtube.com/watch?v=eo45mdGXEq8
展示会・サイネージ,アコーダー株式会社,展示会ブースの集客（通行者の足止め）,展示会,,アコーダー株式会社,展示会動画｜木田バルブ・ボール (アコーダー  映像制作 事例),,69,未判定,2026-10-01,展示会 動画 制作事例,,https://www.youtube.com/watch?v=xmdYcK5808I
展示会・サイネージ,NX・NPロジスティクス,展示会ブースの集客（通行者の足止め）,展示会,オフィスカラーズ,【公式】企業映像に強い制作会社 オフィスカラーズ,【展示会動画】NX・NPロジスティクス様　「会社紹介篇」（オフィスカラーズ制作実績）,,1591,未判定,2026-10-01,展示会 動画 制作事例,,https://www.youtube.com/watch?v=vF2qwZevwbA
展示会・サイネージ,株式会社協栄情報,展示会ブースの集客（通行者の足止め）,展示会,株式会社DAYONE | 成果重視のクリエイティブパートナー,株式会社DAYONE | 成果重視のクリエイティブパートナー,【展示会動画】株式会社協栄情報様（DAY ONE制作実績事例）,,112,未判定,2026-10-01,展示会 動画 制作事例,,https://www.youtube.com/watch?v=fmmBmmQkvBk
展示会・サイネージ,株式会社高昇,展示会ブースの集客（通行者の足止め）,展示会,,株式会社高昇,CUTKINGDOMサイン展示会用動画,,54,未判定,2026-10-01,展示会 動画 制作事例,,https://www.youtube.com/watch?v=ECj5n0-SBEs
展示会・サイネージ,TANI DIGITAL LAB Inc.,展示会ブースの集客（通行者の足止め）,展示会,,TANI DIGITAL LAB Inc.,「テキスタイルを3DCGで映像化」展示会・営業で使えるプロモーション事例,,52,未判定,2026-10-01,展示会 動画 制作事例,,https://www.youtube.com/watch?v=boXfqBBLzGk
展示会・サイネージ,Central,展示会ブースの集客（通行者の足止め）,展示会,動画制作・映像制作のプルークス,動画制作・映像制作のプルークス,【展示会用動画】株式会社Grand Central様_会社紹介動画full ver.,,3858,未判定,2026-10-01,展示会 動画 制作事例,,https://www.youtube.com/watch?v=3q528tKTKrk
展示会・サイネージ,安田株式会社,展示会ブースの集客（通行者の足止め）,展示会,,アコーダー株式会社,展示会動画｜安田株式会社 (アコーダー CG制作 映像制作 モーショングラフィックス 事例),,65,未判定,2026-10-01,展示会 動画 制作事例,,https://www.youtube.com/watch?v=ECPuxK1INrU
採用動画,アイビック食品グループ,採用（応募者の集客・入社前の理解）,（種類からの既定）,,アイビック食品グループ,【採用動画 営業部】タレ作りだけではない　多角的な仕事,,450,未判定,2026-10-01,採用動画 制作事例,,https://www.youtube.com/watch?v=l-QwKWfuPXU
採用動画,タスクソリューションズ,採用（応募者の集客・入社前の理解）,（種類からの既定）,ショート動画屋さん【株式会社美手紙】,ショート動画屋さん【株式会社美手紙】,【制作事例インタビュー】タスクソリューションズ様,,27,未判定,2026-10-01,採用動画 制作事例,,https://www.youtube.com/watch?v=Bab0Uklmljw
採用動画,農林水産省,商品・サービスの認知獲得（広告出稿）,CM,動画制作・映像制作 / 株式会社StokedBase【公式】,動画制作・映像制作 / 株式会社StokedBase【公式】,【Web CM】農林水産省様 / 株式会社StokedBase 映像制作事例,,20,未判定,2026-10-01,採用動画 制作事例,,https://www.youtube.com/watch?v=-ywsYsJW1vk
採用動画,月山映像 Corporate Channel,採用（応募者の集客・入社前の理解）,（種類からの既定）,,月山映像 Corporate Channel,建設業の採用動画 「この仕事が好き。その理由。」,,276,未判定,2026-10-01,採用動画 制作事例,,https://www.youtube.com/watch?v=bSD9rg4tEww
採用動画,伊勢半グループ,採用（応募者の集客・入社前の理解）,（種類からの既定）,ムビハピ,【ムビハピ】企業動画制作サービス,【ダイジェスト】女性化粧品メーカーで働く男性社員の一日のスケジュール 伊勢半グループ様 (ムビハピ制作実績),,578,未判定,2026-10-01,採用動画 制作事例,,https://www.youtube.com/watch?v=KP_cCCzj5Ao
採用動画,Actthree -Advertising agency-,技術力・設備の提示（取引先と採用の両方に効く）,技術,,Actthree -Advertising agency-,制作実績｜岩国市職員採用PR動画【技術職編】,,447,未判定,2026-10-01,採用動画 制作事例,,https://www.youtube.com/watch?v=OAeggyY5El0
採用動画,KeiNack,採用（応募者の集客・入社前の理解）,（種類からの既定）,,KeiNack,【動画制作事例】｜インタビュー動画②動画制作例｜中村総合メディアサービス,,13,未判定,2026-10-01,採用動画 制作事例,,https://www.youtube.com/watch?v=3DapBkP3jNg
採用動画,株式会社京和設備,採用（応募者の集客・入社前の理解）,求人,,一般社団法人 ボンチプラス,求人用　社長メッセージ動画制作事例（株式会社京和設備）,,81,未判定,2026-10-01,採用動画 制作事例,,https://www.youtube.com/watch?v=RXtuYSalf-c
採用動画,動画「挑戦する楽しさをこの場所で」MIC株式会社,採用（応募者の集客・入社前の理解）,（種類からの既定）,採用動画制作のノーフィルター[NOFILTER],採用動画制作のノーフィルター[NOFILTER],採用動画「挑戦する楽しさをこの場所で」MIC株式会社,,6341,未判定,2026-10-01,採用動画 制作事例,,https://www.youtube.com/watch?v=ds--seUuo0g
採用動画,ミテクル,採用（応募者の集客・入社前の理解）,（種類からの既定）,,ミテクル,【事例あり】求職者の8割が求める「採用動画」。会社の“本音”を届けて応募数を増やす！,,50,未判定,2026-10-01,採用動画 制作事例,,https://www.youtube.com/watch?v=HVgUB7AtVc4
MV・ミュージックビデオ,Toru Kageoka’s Archives,楽曲のプロモーション（音楽作品の発表）,（種類からの既定）,,Toru Kageoka’s Archives,【プラン紹介】影丘 道のできること｜企業PR｜MV制作｜映像撮影｜映像制作,51,1065,近い,2026-10-02,MV 制作実績,,https://www.youtube.com/watch?v=RYJnqjfnyJw
MV・ミュージックビデオ,CarBarHippo!!,楽曲のプロモーション（音楽作品の発表）,（種類からの既定）,,CarBarHippo!!,UsatanGEARS｜AI楽曲 × MV制作（制作実績）,30,1928,実物,2026-10-02,MV 制作実績,,https://www.youtube.com/watch?v=cyUWSSM-_e8
MV・ミュージックビデオ,ヒゲプロ,楽曲のプロモーション（音楽作品の発表）,（種類からの既定）,,ヒゲプロ,ヒゲプロ動画制作実績《プロモーション編》,137,46,近い,2026-10-02,MV 制作実績,,https://www.youtube.com/watch?v=1AukCdwcVwU
MV・ミュージックビデオ,コタケ・デザイン・オフィス,楽曲のプロモーション（音楽作品の発表）,（種類からの既定）,,コタケ・デザイン・オフィス,【制作実績2025】KOTAKE-DESIGN-OFIICE,61,63,実物,2026-10-02,MV 制作実績,,https://www.youtube.com/watch?v=WtMQhCZEwmo
MV・ミュージックビデオ,うさねこ社長 - 黒尉兎🐇VTuber CEO,楽曲のプロモーション（音楽作品の発表）,（種類からの既定）,,うさねこ社長 - 黒尉兎🐇VTuber CEO,イラストMV作る時動画師が思うこと3選 #イラストレーター #動画師 #イラストMV,59,37400,違う,2026-10-02,MV 制作実績,視聴して別物と判定済み,https://www.youtube.com/watch?v=Dpp8LLSK--I
MV・ミュージックビデオ,ホロライブトリビア,楽曲のプロモーション（音楽作品の発表）,（種類からの既定）,,ホロライブトリビア,船長が自腹で製作したMVの衝撃の製作費用　  #VTuber#ホロライブ#雑学#豆知識,51,183863,違う,2026-10-02,MV 制作実績,視聴して別物と判定済み,https://www.youtube.com/watch?v=Hpl0qY0Slz8
MV・ミュージックビデオ,Coloso 切り抜き【公式】,楽曲のプロモーション（音楽作品の発表）,（種類からの既定）,,Coloso 切り抜き【公式】,【MV制作】「原神・ゼンゼロ公式MVの作者」が2Dアニメーション・VFXの制作ノウハウを全て伝授します...！【After Effects】【ファル公先生/Coloso】,624,70824,違う,2026-10-02,MV 制作実績,視聴して別物と判定済み,https://www.youtube.com/watch?v=vd3uUtLVCvA
MV・ミュージックビデオ,動画クリエイターへの道 by machosuke,楽曲のプロモーション（音楽作品の発表）,（種類からの既定）,,動画クリエイターへの道 by machosuke,【危険】ダサいテロップの特徴 3選 #ダビンチリゾルブ #動画編集 #davinciresolve,58,331798,違う,2026-10-02,MV 制作実績,視聴して別物と判定済み,https://www.youtube.com/watch?v=Tgob_uGKxjQ
MV・ミュージックビデオ,ほんだ3,楽曲のプロモーション（音楽作品の発表）,（種類からの既定）,,ほんだ3,【卒業制作アニメーション】エールフォーユー OP映像,90,2078776,実物,2026-10-02,MV 制作実績,,https://www.youtube.com/watch?v=fa35VIzo-sg
SNS広告（縦型）,Technologies株式会社,SNSでの獲得（短尺・縦型の広告）,（種類からの既定）,動画制作・映像制作のプルークス,動画制作・映像制作のプルークス,【PR動画】Loop Now Technologies株式会社様_Firework PR動画制作,57,1442,近い,2026-10-02,SNS広告 縦型 事例,,https://www.youtube.com/watch?v=Nlc4nTsfP6A
SNS広告（縦型）,高橋陸,SNSでの獲得（短尺・縦型の広告）,（種類からの既定）,,高橋陸,動画広告 縦画面,31,741,実物,2026-10-02,SNS広告 縦型 事例,,https://www.youtube.com/watch?v=e0RG70Dqx2s
SNS広告（縦型）,ザ・レスポンスtheresponse,SNSでの獲得（短尺・縦型の広告）,（種類からの既定）,,ザ・レスポンスtheresponse,1日100円の広告戦略,60,877,実物,2026-10-02,SNS広告 縦型 事例,,https://www.youtube.com/watch?v=kmIRHzDlTsI
SNS広告（縦型）,LEGENDS,SNSでの獲得（短尺・縦型の広告）,（種類からの既定）,,NYJ Art Designチャンネル,【広告動画＿Instagram】VIDEO LEGENDS 様　 #instagram #広告 #stories,46,136,実物,2026-10-02,SNS広告 縦型 事例,,https://www.youtube.com/watch?v=ROt8Q29HmeA
SNS広告（縦型）,Verseflow【公式】 - 動画作成に悩むすべての人に,採用（応募者の集客・入社前の理解）,求人,,Verseflow【公式】 - 動画作成に悩むすべての人に,【求人0→8名採用】採用動画の3つの設計ポイント｜ショート動画で応募が来る,87,75,近い,2026-10-02,SNS広告 縦型 事例,,https://www.youtube.com/watch?v=QSTpbhdoqa4
SNS広告（縦型）,Verseflow【公式】 - 動画作成に悩むすべての人に,採用（応募者の集客・入社前の理解）,求人,,Verseflow【公式】 - 動画作成に悩むすべての人に,月20万の求人広告がゼロ応募→採用動画で8名採用【SNS採用戦略】,87,195,実物,2026-10-02,SNS広告 縦型 事例,,https://www.youtube.com/watch?v=VMrBcNMyv0Y
SNS広告（縦型）,ザ・レスポンスtheresponse,SNSでの獲得（短尺・縦型の広告）,（種類からの既定）,,ザ・レスポンスtheresponse,売り上げを70倍にした一言,60,598,実物,2026-10-02,SNS広告 縦型 事例,,https://www.youtube.com/watch?v=MmW2avQDJnM
WebCM,,商品・サービスの認知獲得（広告出稿）,（種類からの既定）,Crevo,動画制作会社Crevo (クレボ),アプリ紹介動画「依存症治療アプリ」（Crevo制作実績）,203,1213,実物,2026-10-02,WebCM 制作事例,,https://www.youtube.com/watch?v=L953sPJgENQ
WebCM,超実践型動画クリエイター養成スクール MOOCRES,商品・サービスの認知獲得（広告出稿）,WebCM,,超実践型動画クリエイター養成スクール MOOCRES,【ムークリWebCM】レトロゲーム風MOOCRES PR@Creator うぱ[35期生],30,54544,実物,2026-10-02,WebCM 制作事例,,https://www.youtube.com/watch?v=82bnhmuzVHg
WebCM,svaのPortfolio,商品・サービスの認知獲得（広告出稿）,WebCM,,svaのPortfolio,【WebCM】アニメーション動画制作PR,35,159,実物,2026-10-02,WebCM 制作事例,制作者個人の営業チャンネル,https://www.youtube.com/watch?v=s29iDjTNAXk
WebCM,haco!,商品・サービスの認知獲得（広告出稿）,CM,,haco!,haco!「ah!」WEB CM 第２話「ハートをさがせ」 #ハート団のしわざ  #haco,54,522,実物,2026-10-02,WebCM 制作事例,,https://www.youtube.com/watch?v=960ZtcKrgKA
WebCM,創作品モール「あるる」,商品・サービスの認知獲得（広告出稿）,WebCM,,創作品モール「あるる」,創作品モール「あるる」WebCM - 誰から買うか編 フルver,45,4281,実物,2026-10-02,WebCM 制作事例,,https://www.youtube.com/watch?v=f2NjVRQCjIs
WebCM,,商品・サービスの認知獲得（広告出稿）,webcm,動画制作会社ムービーインパクト,動画制作会社ムービーインパクト,【動画制作FAQ】動画広告、成果を出した事例は？ #動画マーケティング #webcm #成功事例,60,61,違う,2026-10-02,WebCM 制作事例,視聴して別物と判定済み,https://www.youtube.com/watch?v=J4PY8o6Z36E
アニメーション説明動画,,仕組みの説明（文字では伝わらない内容の可視化）,（種類からの既定）,アニメーション動画制作 カプセルメディア,アニメーション動画制作 カプセルメディア,【アニメーション動画制作実績】フルリモート経理サービスPR動画【カプセルメディア】,87,82,実物,2026-10-02,アニメーション 説明動画 制作事例,,https://www.youtube.com/watch?v=30OAPufWTE8
アニメーション説明動画,ツグクリエイト / TSUGU CREATE,仕組みの説明（文字では伝わらない内容の可視化）,（種類からの既定）,,ツグクリエイト / TSUGU CREATE,【動画制作実績】3Dアニメーションを使用した動画【PV動画】,67,23,実物,2026-10-02,アニメーション 説明動画 制作事例,,https://www.youtube.com/watch?v=SYWT7OW7gc0
アニメーション説明動画,,会社の信頼獲得（営業・採用の共通素材）,企業紹介,【動画制作サービス】Movie Stage (ムービーステージ),【動画制作サービス】Movie Stage (ムービーステージ),【企業紹介動画】システム開発業 アニメーション動画 (Movie Stage制作実績）｜動く話すホームページ,99,283,実物,2026-10-02,アニメーション 説明動画 制作事例,,https://www.youtube.com/watch?v=9j_KqcBiIWY
アニメーション説明動画,,仕組みの説明（文字では伝わらない内容の可視化）,（種類からの既定）,【動画制作サービス】Movie Stage (ムービーステージ),【動画制作サービス】Movie Stage (ムービーステージ),【採用動画】システム開発業 アニメーション動画 (Movie Stage制作実績）｜動く話すホームページ,169,323,実物,2026-10-02,アニメーション 説明動画 制作事例,,https://www.youtube.com/watch?v=Re8GbduCjH8
アニメーション説明動画,株式会社粕田屋,サービス・商品の理解促進（検討中の見込み客向け）,サービス紹介,粕田屋,株式会社粕田屋,JIGlet サービス紹介アニメCM【粕田屋制作実績】,52,113,実物,2026-10-02,アニメーション 説明動画 制作事例,,https://www.youtube.com/watch?v=zq3Q6TEGevc
アニメーション説明動画,THE ビジネスアニメーション,仕組みの説明（文字では伝わらない内容の可視化）,（種類からの既定）,ビジネスアニメ,THE ビジネスアニメーション,【ビジネスアニメ制作事例】動物病院実習ツアー　F&Q動画,127,99,実物,2026-10-02,アニメーション 説明動画 制作事例,,https://www.youtube.com/watch?v=dS-xRbYXu6k
アニメーション説明動画,,仕組みの説明（文字では伝わらない内容の可視化）,（種類からの既定）,企業向けアニメーション動画制作なら MOTTO create,企業向けアニメーション動画制作なら MOTTO create,【制作実績】創業セミナーのPR動画｜アニメーション動画制作ならMOTTO create,43,228,実物,2026-10-02,アニメーション 説明動画 制作事例,,https://www.youtube.com/watch?v=k4FsegwIfJk
アニメーション説明動画,tomonika,サービス・商品の理解促進（検討中の見込み客向け）,サービス紹介,ともにか,tomonika,サービス紹介動画「補助金ユナイト」 アニメーション （ともにか制作実績）,76,95,実物,2026-10-02,アニメーション 説明動画 制作事例,,https://www.youtube.com/watch?v=XwlRx9bWNEU
アニメーション説明動画,,技術力・設備の提示（取引先と採用の両方に効く）,設備,【動画制作サービス】Movie Stage (ムービーステージ),【動画制作サービス】Movie Stage (ムービーステージ),【ブランディング動画】住宅設備業 アニメーション動画 (Movie Stage制作実績）,127,109,近い,2026-10-02,アニメーション 説明動画 制作事例,,https://www.youtube.com/watch?v=DmwYkOpJclg
会社紹介・コーポレート,株式会社estie,会社の信頼獲得（営業・採用の共通素材）,（種類からの既定）,,"estie, inc.",株式会社estie  コーポレートムービー,117,5316,実物,2026-10-02,コーポレートムービー 制作事例,,https://www.youtube.com/watch?v=ftPXoL99rDE
会社紹介・コーポレート,株式会社IPPO,会社の信頼獲得（営業・採用の共通素材）,会社紹介,LOCUS,動画制作の株式会社LOCUS,【会社紹介動画】株式会社IPPO様（LOCUS制作実績）,573,140,違う,2026-10-02,コーポレートムービー 制作事例,視聴して別物と判定済み,https://www.youtube.com/watch?v=D16CMuOEQZg
会社紹介・コーポレート,野呂寛之のX CHANNEL(クロスチャンネル),会社の信頼獲得（営業・採用の共通素材）,（種類からの既定）,,野呂寛之のX CHANNEL(クロスチャンネル),【公式】X Mile Corporate Movie,165,12348,近い,2026-10-02,コーポレートムービー 制作事例,,https://www.youtube.com/watch?v=xbxtcc_m5qA
会社紹介・コーポレート,amana INSIGHTS,ブランド・理念の発信（信頼の醸成）,ブランドムービー,,amana INSIGHTS,キトー｜製品以上の価値を可視化したブランドムービー制作,186,48,違う,2026-10-02,コーポレートムービー 制作事例,視聴して別物と判定済み,https://www.youtube.com/watch?v=n7NVkQKBcPw
会社紹介・コーポレート,NiX JAPAN,会社の信頼獲得（営業・採用の共通素材）,（種類からの既定）,,NiX JAPAN,NiX JAPAN コーポレートムービー 「未来のはじまりはX」30sec,31,2175,実物,2026-10-02,コーポレートムービー 制作事例,,https://www.youtube.com/watch?v=PAk5xm3A-Dg
サービス・商品紹介,株式会社リサーチアンドソリューション 公式チャンネル,サービス・商品の理解促進（検討中の見込み客向け）,サービス紹介,,株式会社リサーチアンドソリューション 公式チャンネル,コミュニケーションプラットフォーム「ぷらり」サービス紹介動画（ショート版）,84,355,実物,2026-10-02,サービス紹介動画 制作事例,,https://www.youtube.com/watch?v=vrvbVl5ScIo
サービス・商品紹介,株式会社」,サービス・商品の理解促進（検討中の見込み客向け）,サービス紹介,アニビス,ANIBIS【初回無料の動画制作サービス】,20万円～｜サービス紹介動画「アディッシュ株式会社」（アニビス制作実績）,59,178,実物,2026-10-02,サービス紹介動画 制作事例,,https://www.youtube.com/watch?v=oehah2KaC7g
サービス・商品紹介,株式会社SpaceTack,サービス・商品の理解促進（検討中の見込み客向け）,サービス紹介,,KAM CREATE,サービス紹介動画「Quick」株式会社SpaceTack様,109,767,実物,2026-10-02,サービス紹介動画 制作事例,,https://www.youtube.com/watch?v=n7ov4FWgzj0
サービス・商品紹介,Free,サービス・商品の理解促進（検討中の見込み客向け）,サービス紹介,実写＋モーショングラフィック,カマラボチャンネル　〜三浦半島のモノづくりの秘密基地〜,【実写＋モーショングラフィック 制作事例】J&J Tax Freeさま サービス紹介映像,204,8,実物,2026-10-02,サービス紹介動画 制作事例,,https://www.youtube.com/watch?v=1BtN6qYSvPo
サービス・商品紹介,,サービス・商品の理解促進（検討中の見込み客向け）,サービス紹介,voss create -,voss create -,【制作事例】サービス紹介動画・Amazon動画広告・SNS動画広告｜各PR動画制作なら VOSS CREATE ！,60,37,実物,2026-10-02,サービス紹介動画 制作事例,,https://www.youtube.com/watch?v=x3v-VUpA_04
マニュアル動画,株式会社ヤナセ,操作・業務手順の教育（問い合わせ削減）,（種類からの既定）,LOCUS,動画制作の株式会社LOCUS,【マニュアル動画】株式会社ヤナセ様（LOCUS制作実績）,243,337,実物,2026-10-02,マニュアル動画 制作事例,,https://www.youtube.com/watch?v=RaRfdDV2Gtc
マニュアル動画,,操作・業務手順の教育（問い合わせ削減）,（種類からの既定）,株式会社火燵 【LLMO・動画マーケティング】,株式会社火燵 【LLMO・動画マーケティング】,動画マニュアル制作例,277,1351,実物,2026-10-02,マニュアル動画 制作事例,,https://www.youtube.com/watch?v=TXM4Rb-v7g4
マニュアル動画,株式会社クラウドワークス,操作・業務手順の教育（問い合わせ削減）,（種類からの既定）,PROOX,動画制作・映像制作のプルークス,【マニュアル動画】株式会社クラウドワークス様_CrowdLog紹介映像（PROOX制作実績）,81,2748,実物,2026-10-02,マニュアル動画 制作事例,,https://www.youtube.com/watch?v=ZY3swS45imw
マニュアル動画,株式会社湖池屋,操作・業務手順の教育（問い合わせ削減）,（種類からの既定）,Video BRAIN ビデオブレイン 誰でも簡単に使える法人向け動画編集クラウド,Video BRAIN ビデオブレイン 誰でも簡単に使える法人向け動画編集クラウド,【 Video BRAIN 制作事例】マニュアル_2_株式会社湖池屋,51,1108,近い,2026-10-02,マニュアル動画 制作事例,,https://www.youtube.com/watch?v=K0QdGyKzsg8
マニュアル動画,ミーク株式会社,操作・業務手順の教育（問い合わせ削減）,（種類からの既定）,Crevo,動画制作会社Crevo (クレボ),ミーク株式会社｜マニュアル動画（Crevo制作実績）,287,777,実物,2026-10-02,マニュアル動画 制作事例,,https://www.youtube.com/watch?v=GkMuGj52bUA
マニュアル動画,株式会社YPスイッチ,操作・業務手順の教育（問い合わせ削減）,（種類からの既定）,株式会社DAYONE | 成果重視のクリエイティブパートナー,株式会社DAYONE | 成果重視のクリエイティブパートナー,【マニュアル動画】株式会社YPスイッチ様①（DAY ONE制作実績事例）,282,135,実物,2026-10-02,マニュアル動画 制作事例,,https://www.youtube.com/watch?v=S9cSeNw4WCk
マニュアル動画,株式会社アーキテクト・ディベロッパー,操作・業務手順の教育（問い合わせ削減）,（種類からの既定）,Video BRAIN ビデオブレイン 誰でも簡単に使える法人向け動画編集クラウド,Video BRAIN ビデオブレイン 誰でも簡単に使える法人向け動画編集クラウド,マニュアル動画（FAQ動画）／株式会社アーキテクト・ディベロッパー様【Video BRAIN（ビデオブレイン）制作事例】,88,236,実物,2026-10-02,マニュアル動画 制作事例,,https://www.youtube.com/watch?v=pY_qvpv_QR4
マニュアル動画,「ご契約者,操作・業務手順の教育（問い合わせ削減）,（種類からの既定）,Crevo,動画制作会社Crevo (クレボ),三井住友海上火災保険株式会社｜マニュアル動画　「ご契約者さま向け サービス説明」（Crevo制作実績）,67,645,実物,2026-10-02,マニュアル動画 制作事例,,https://www.youtube.com/watch?v=dV1K2tKXvB0
マニュアル動画,インタビュー動画《（株）,操作・業務手順の教育（問い合わせ削減）,（種類からの既定）,,株式会社エッジ,インタビュー動画《（株）エッジの動画制作実績》,161,77,違う,2026-10-02,マニュアル動画 制作事例,視聴して別物と判定済み,https://www.youtube.com/watch?v=YPbk0J1vxdc
マニュアル動画,株式会社ケツト科学研究所,操作・業務手順の教育（問い合わせ削減）,操作マニュアル,Crevo,動画制作会社Crevo (クレボ),株式会社ケツト科学研究所｜操作マニュアル動画「COMOラボ」（Crevo制作実績）,275,80,実物,2026-10-02,マニュアル動画 制作事例,,https://www.youtube.com/watch?v=pvyORcEXK5Y
展示会・サイネージ,Micoworks株式会社,展示会ブースの集客（通行者の足止め）,展示会,CINEMATO,CINEMATO - 動画制作・映像制作サービス -,【展示会動画】Micoworks株式会社様 MicoCloud サービス紹介動画【CINEMATO制作実績】,70,4416,近い,2026-10-02,展示会 動画 制作事例,,https://www.youtube.com/watch?v=NMi81uC38Mk
展示会・サイネージ,,サービス・商品の理解促進（検討中の見込み客向け）,製品紹介,ニュータイププロジェクト 動画制作,ニュータイププロジェクト 動画制作,業務用空調設備機器｜デジタルサイネージ用製品紹介動画,135,14,実物,2026-10-02,展示会 動画 制作事例,,https://www.youtube.com/watch?v=wl1JixG2p7E
展示会・サイネージ,アコーダー株式会社,展示会ブースの集客（通行者の足止め）,展示会,,アコーダー株式会社,展示会動画｜舞昆のこうはら (アコーダー  映像制作 モーショングラフィックス 事例),66,65,近い,2026-10-02,展示会 動画 制作事例,,https://www.youtube.com/watch?v=WT8ho44D_EI
展示会・サイネージ,NX・NPロジスティクス,展示会ブースの集客（通行者の足止め）,展示会,オフィスカラーズ,【公式】企業映像に強い制作会社 オフィスカラーズ,【展示会動画】NX・NPロジスティクス様　「事業紹介篇」（オフィスカラーズ制作実績）,143,1051,近い,2026-10-02,展示会 動画 制作事例,,https://www.youtube.com/watch?v=SiiUcm6NAZE
展示会・サイネージ,株式会社クオリティア,展示会ブースの集客（通行者の足止め）,展示会,Crevo,動画制作会社Crevo (クレボ),株式会社クオリティア｜展示会動画「ActivegateSS」（Crevo制作実績）,31,370,近い,2026-10-02,展示会 動画 制作事例,,https://www.youtube.com/watch?v=zqK4glw0KYI
展示会・サイネージ,,展示会ブースの集客（通行者の足止め）,展示会,STAR-TOKYO-PRODUCTION,STAR-TOKYO-PRODUCTION,STAR PRODUCTION｜制作事例：展示会動画 SNS用,31,1359,近い,2026-10-02,展示会 動画 制作事例,,https://www.youtube.com/watch?v=xqRL-eHF61c
展示会・サイネージ,アルプ株式会社,展示会ブースの集客（通行者の足止め）,展示会,動画制作会社Crevo (クレボ),動画制作会社Crevo (クレボ),アルプ株式会社｜展示会用製品紹介動画,121,637,近い,2026-10-02,展示会 動画 制作事例,,https://www.youtube.com/watch?v=4aXsiMldkf4
展示会・サイネージ,アコーダー株式会社,展示会ブースの集客（通行者の足止め）,展示会,,アコーダー株式会社,展示会動画｜テクノ高槻 (アコーダー モーショングラフィックス 映像制作 CG制作 事例),61,86,近い,2026-10-02,展示会 動画 制作事例,,https://www.youtube.com/watch?v=8sLC8RJfSac
展示会・サイネージ,,展示会ブースの集客（通行者の足止め）,展示会,ニュータイププロジェクト 動画制作,ニュータイププロジェクト 動画制作,竹床材｜展示会向け製品紹介動画,172,91,実物,2026-10-02,展示会 動画 制作事例,,https://www.youtube.com/watch?v=5gISWp3JCsA
展示会・サイネージ,,展示会ブースの集客（通行者の足止め）,展示会,ニュータイププロジェクト 動画制作,ニュータイププロジェクト 動画制作,業務用波形マルチモニタ｜展示会向け紹介動画,169,50,実物,2026-10-02,展示会 動画 制作事例,,https://www.youtube.com/watch?v=VbwjeuDDFjo
採用動画,,採用（応募者の集客・入社前の理解）,（種類からの既定）,ムビハピ,【ムビハピ】企業動画制作サービス,【リクルート動画】ドキュメンタリー 動画制作 アジアピクチャーズエンタテインメント(ムビハピ制作実績),60,579,近い,2026-10-02,採用動画 制作事例,,https://www.youtube.com/watch?v=hhMxO6gp-8M
採用動画,株式会社オンワードコーポレートデザイン,採用（応募者の集客・入社前の理解）,（種類からの既定）,採用動画の,Video BRAIN ビデオブレイン 誰でも簡単に使える法人向け動画編集クラウド,【採用動画の制作事例】株式会社オンワードコーポレートデザイン様【Video BRAIN制作】,44,423,近い,2026-10-02,採用動画 制作事例,,https://www.youtube.com/watch?v=qEK3QhZqXDM
採用動画,片平歯科医院,採用（応募者の集客・入社前の理解）,（種類からの既定）,歯科クリニック映像制作アプローチ,歯科クリニック映像制作アプローチ,歯科採用の悩みを解決する動画プロモーション制作事例（片平歯科医院様）｜医療特化の映像制作アプローチ,179,109,実物,2026-10-02,採用動画 制作事例,,https://www.youtube.com/watch?v=CmXwLPR05d8
採用動画,立花産業株式会社,採用（応募者の集客・入社前の理解）,（種類からの既定）,Crevo,動画制作会社Crevo (クレボ),立花産業株式会社｜採用動画（Crevo制作実績）,405,120,実物,2026-10-02,採用動画 制作事例,,https://www.youtube.com/watch?v=b_9HDNKgdgY
採用動画,株式会社ランバード,採用（応募者の集客・入社前の理解）,募集,,KENGO　TOUHIRA,【制作事例】株式会社ランバード様 採用募集動画,87,110,実物,2026-10-02,採用動画 制作事例,,https://www.youtube.com/watch?v=OSETYv0Y7iI
採用動画,飲料メーカー,採用（応募者の集客・入社前の理解）,（種類からの既定）,,DESAMELIA:デザメリア,【採用動画】飲料メーカー様：企業PV,132,2822,実物,2026-10-02,採用動画 制作事例,,https://www.youtube.com/watch?v=3OcIrPRsoIs
採用動画,GoodStoryチャンネル,採用（応募者の集客・入社前の理解）,新卒,,GoodStoryチャンネル,エプソン販売 新卒採用動画,173,646681,実物,2026-10-02,採用動画 制作事例,,https://www.youtube.com/watch?v=02fMkcobU7I
採用動画,株式会社エスエス,採用（応募者の集客・入社前の理解）,（種類からの既定）,,クリエイトおしごとシアター,株式会社エスエス　採用動画 #採用ムービー #坂東市,30,1464,実物,2026-10-02,採用動画 制作事例,,https://www.youtube.com/watch?v=cWzSU_jtoto
採用動画,White board,採用（応募者の集客・入社前の理解）,求人,,White board,【求人・採用向け】応募が増える求人紹介動画制作事例｜ホワイトボードアニメーション,196,139,違う,2026-10-02,採用動画 制作事例,視聴して別物と判定済み,https://www.youtube.com/watch?v=gY2SFWkrEf4
採用動画,,採用（応募者の集客・入社前の理解）,（種類からの既定）,Crevo,動画制作会社Crevo (クレボ),採用動画「営業製作所　内定式モチベーション向上動画」（Crevo制作実績）,81,20996,近い,2026-10-02,採用動画 制作事例,,https://www.youtube.com/watch?v=7E89Uh6R6V4
MV・ミュージックビデオ,配信者,楽曲のプロモーション（音楽作品の発表）,（種類からの既定）,,nicoa⌇MV,【制作実績】配信者さま　エンディング（ループ対応Ver.）,602,10,違う,2026-10-03,MV 制作実績,視聴して別物と判定済み,https://www.youtube.com/watch?v=HCU1JWVC5Ic
MV・ミュージックビデオ,株式会社クマヒラ,楽曲のプロモーション（音楽作品の発表）,（種類からの既定）,PROOX,動画制作・映像制作のプルークス,【コンセプト映像】株式会社クマヒラ様_共創コンセプトMV（PROOX制作実績）,95,1246,違う,2026-10-03,MV 制作実績,視聴して別物と判定済み,https://www.youtube.com/watch?v=qwxkd2AbwM4
MV・ミュージックビデオ,,楽曲のプロモーション（音楽作品の発表）,（種類からの既定）,まきおfilm,まきおfilm,プロのビデオグラファーがロックバンドのMVを制作する1日に密着！,734,5408,違う,2026-10-03,MV 制作実績,視聴して別物と判定済み,https://www.youtube.com/watch?v=T6kf8-paF3w
MV・ミュージックビデオ,CarBarHippo!!,楽曲のプロモーション（音楽作品の発表）,（種類からの既定）,,CarBarHippo!!,はらぺっこのテーマ｜AI楽曲 × MV制作（制作実績）,47,77,実物,2026-10-03,MV 制作実績,,https://www.youtube.com/watch?v=wJHAeogXbqk
MV・ミュージックビデオ,ワンスパイス,楽曲のプロモーション（音楽作品の発表）,MV,,ワンスパイス,【制作実績】remind /NeverEverCall【MV】,188,48,実物,2026-10-03,MV 制作実績,,https://www.youtube.com/watch?v=MLcKE1tHi8c
SNS広告（縦型）,売上が伸びるSNS運用_TaTap,SNSでの獲得（短尺・縦型の広告）,（種類からの既定）,,売上が伸びるSNS運用_TaTap,【SNSで売上3倍】SNS運用×UGC×広告を「バラバラは3倍損」｜2026年の正解は「3点セット」,387,200,近い,2026-10-03,SNS広告 縦型 事例,,https://www.youtube.com/watch?v=3Aov0tCE32c
アニメーション説明動画,THE ビジネスアニメーション,仕組みの説明（文字では伝わらない内容の可視化）,（種類からの既定）,ビジネスアニメ,THE ビジネスアニメーション,【ビジネスアニメ制作事例】事業計画書作成サービス　利用までの７ステップ【概要説明アニメ】,76,44,実物,2026-10-03,アニメーション 説明動画 制作事例,,https://www.youtube.com/watch?v=EjOhYYJzTU0
アニメーション説明動画,株式会社テクノル プロモーション事業部,仕組みの説明（文字では伝わらない内容の可視化）,（種類からの既定）,,株式会社テクノル プロモーション事業部,テクノル　シンプルアニメーション動画制作,31,137,実物,2026-10-03,アニメーション 説明動画 制作事例,,https://www.youtube.com/watch?v=PwAbryZnYrY
アニメーション説明動画,株式会社粕田屋,仕組みの説明（文字では伝わらない内容の可視化）,（種類からの既定）,粕田屋,株式会社粕田屋,プライスターブランディングアニメーション【粕田屋制作実績】,36,153,実物,2026-10-03,アニメーション 説明動画 制作事例,,https://www.youtube.com/watch?v=zxpj2yWE69I
アニメーション説明動画,株式会社アイエムジー,仕組みの説明（文字では伝わらない内容の可視化）,（種類からの既定）,,株式会社アイエムジー,IMG動画制作実績 映像制作 空撮 アニメーション 京都 伏見区 広告代理店 アイエムジー,64,169,違う,2026-10-03,アニメーション 説明動画 制作事例,視聴して別物と判定済み,https://www.youtube.com/watch?v=pxqntVDdTmE
アニメーション説明動画,,仕組みの説明（文字では伝わらない内容の可視化）,（種類からの既定）,アニメ動画制作ならGivee株式会社,アニメ動画制作ならGivee株式会社,大阪公立大学情報学研究科PV　アニメーション制作事例,142,1030,実物,2026-10-03,アニメーション 説明動画 制作事例,,https://www.youtube.com/watch?v=H7FKEfuRFVs
会社紹介・コーポレート,株式会社アルヴァスデザイン,ブランド・理念の発信（信頼の醸成）,ビジョン,,株式会社アルヴァスデザイン 公式チャンネル,【公式】株式会社アルヴァスデザイン　会社紹介ムービー　ビジョン編,77,451,実物,2026-10-03,コーポレートムービー 制作事例,,https://www.youtube.com/watch?v=25lqSY68v74
会社紹介・コーポレート,株式会社CROCO,会社の信頼獲得（営業・採用の共通素材）,（種類からの既定）,CROCO,株式会社CROCO,【CROCO制作事例】CURE total men's salon　ブランディングムービー,40,725,実物,2026-10-03,コーポレートムービー 制作事例,,https://www.youtube.com/watch?v=oDZMYIJ_ciM
会社紹介・コーポレート,株式会社荒川測量設計,会社の信頼獲得（営業・採用の共通素材）,（種類からの既定）,,株式会社荒川測量設計,株式会社荒川測量設計　コーポレートムービー,81,1048,実物,2026-10-03,コーポレートムービー 制作事例,,https://www.youtube.com/watch?v=J1hDATWpDco
会社紹介・コーポレート,平出紙業株式会社,会社の信頼獲得（営業・採用の共通素材）,会社紹介,,平出紙業株式会社,【会社紹介動画】映像制作会社 Amberbrown｜2022年8月,281,464,実物,2026-10-03,コーポレートムービー 制作事例,,https://www.youtube.com/watch?v=iOsjt7D2M9k
会社紹介・コーポレート,株式会社紹介ムービー,会社の信頼獲得（営業・採用の共通素材）,会社紹介,,KPPグループホールディングス株式会社,KPPグループホールディングス株式会社紹介ムービー（1分バージョン）,54,1415,実物,2026-10-03,コーポレートムービー 制作事例,,https://www.youtube.com/watch?v=hZuoNWG02fc
サービス・商品紹介,株式会社リミー,サービス・商品の理解促進（検討中の見込み客向け）,サービス紹介,株式会社DAYONE | 成果重視のクリエイティブパートナー,株式会社DAYONE | 成果重視のクリエイティブパートナー,【サービス紹介動画】株式会社リミー様（DAY ONE制作実績事例）,91,170,実物,2026-10-03,サービス紹介動画 制作事例,,https://www.youtube.com/watch?v=F-gUMrOZEIA
サービス・商品紹介,Glic株式会社,サービス・商品の理解促進（検討中の見込み客向け）,サービス紹介,,Glic株式会社,【制作事例】石川県立図書館 資料検索サイトSHOSHO #サービス紹介動画,285,67,実物,2026-10-03,サービス紹介動画 制作事例,,https://www.youtube.com/watch?v=yJKxRPc3EsQ
サービス・商品紹介,株式会社エモーションテック,サービス・商品の理解促進（検討中の見込み客向け）,サービス紹介,,株式会社エモーションテック,「EmotionTech」サービス紹介動画,246,7143,実物,2026-10-03,サービス紹介動画 制作事例,,https://www.youtube.com/watch?v=fpcdEAITjM0
サービス・商品紹介,デンタルサポート,サービス・商品の理解促進（検討中の見込み客向け）,サービス紹介,,動画王国,【サービス紹介動画】デンタルサポート様：訪問歯科編／動画制作依頼は動画王国へ,31,272,実物,2026-10-03,サービス紹介動画 制作事例,,https://www.youtube.com/watch?v=keLJYxXahA4
サービス・商品紹介,月島ファクトリー,サービス・商品の理解促進（検討中の見込み客向け）,サービス紹介,,月島ファクトリー,TRPG.io サービス紹介動画,141,189,実物,2026-10-03,サービス紹介動画 制作事例,,https://www.youtube.com/watch?v=M_teNqREkeo
マニュアル動画,Dojo PR Channel,操作・業務手順の教育（問い合わせ削減）,（種類からの既定）,,Dojo PR Channel,進化するマニュアル。「Dojoシリーズ」ご紹介動画,61,3582,近い,2026-10-03,マニュアル動画 制作事例,,https://www.youtube.com/watch?v=qsKzU1xy1S0
マニュアル動画,TimePrsim 日本生工技研,サービス・商品の理解促進（検討中の見込み客向け）,製品紹介,,TimePrsim 日本生工技研,【作業分析/動画マニュアル作成】タイムプリズム 製品紹介ムービー【スマート工場EXPO2023】,1045,2245,違う,2026-10-03,マニュアル動画 制作事例,視聴して別物と判定済み,https://www.youtube.com/watch?v=T7pMfaAEKRk
マニュアル動画,株式会社SGN,操作・業務手順の教育（問い合わせ削減）,（種類からの既定）,,株式会社SGN,GironHub動画マニュアル v0.7,696,491,実物,2026-10-03,マニュアル動画 制作事例,,https://www.youtube.com/watch?v=1Rh486dmdMc
マニュアル動画,株式会社」,サービス・商品の理解促進（検討中の見込み客向け）,サービス紹介,Crevo,動画制作会社Crevo (クレボ),「三井住友海上火災保険株式会社」｜マニュアル動画・サービス紹介動画（Crevo制作実績）,413,1291,実物,2026-10-03,マニュアル動画 制作事例,,https://www.youtube.com/watch?v=i7_dFKPAsmE
マニュアル動画,,操作・業務手順の教育（問い合わせ削減）,（種類からの既定）,Video BRAIN ビデオブレイン 誰でも簡単に使える法人向け動画編集クラウド,Video BRAIN ビデオブレイン 誰でも簡単に使える法人向け動画編集クラウド,【 Video BRAIN 制作事例】マニュアル_1_生活協同組合コープかごしま,61,317,実物,2026-10-03,マニュアル動画 制作事例,,https://www.youtube.com/watch?v=WKTvPLBaUog
展示会・サイネージ,株式会社ネクスコ東日本エンジニアリング,展示会ブースの集客（通行者の足止め）,展示会,,ココロ株式会社,【映像制作事例】株式会社ネクスコ東日本エンジニアリング トイレ忘れ物防止システム 展示会映像【ココロ株式会社】,90,1042,近い,2026-10-03,展示会 動画 制作事例,,https://www.youtube.com/watch?v=DORTRHnsxMQ
展示会・サイネージ,株式会社シーマ,展示会ブースの集客（通行者の足止め）,展示会,,株式会社シーマ,【展示会出展記録】第5回 4K・8K映像技術展2022 @株式会社シーマ,85,230,実物,2026-10-03,展示会 動画 制作事例,,https://www.youtube.com/watch?v=09ynnmpP4Yk
展示会・サイネージ,,展示会ブースの集客（通行者の足止め）,展示会,ニュータイププロジェクト 動画制作,ニュータイププロジェクト 動画制作,業務用はんだ付け装置｜海外展示会向け製品紹介動画,165,54,近い,2026-10-03,展示会 動画 制作事例,,https://www.youtube.com/watch?v=v1RUyDU63xQ
展示会・サイネージ,,展示会ブースの集客（通行者の足止め）,展示会,株式会社シネマレイ│CinemaRay,株式会社シネマレイ│CinemaRay,3連結LEDファン展示会用映像事例,48,328,実物,2026-10-03,展示会 動画 制作事例,,https://www.youtube.com/watch?v=1FY-dj4DF5s
展示会・サイネージ,Kiyoshi Kawashima,展示会ブースの集客（通行者の足止め）,展示会,,Kiyoshi Kawashima,【動画編集】海外 展示会用　モニター　メーカープロモーション動画,222,55,違う,2026-10-03,展示会 動画 制作事例,視聴して別物と判定済み,https://www.youtube.com/watch?v=SknYFaXq7Vs
採用動画,,採用（応募者の集客・入社前の理解）,（種類からの既定）,株式会社スタジオナナ,株式会社スタジオナナ,【制作事例】物流会社の採用を強化する企業ブランディング映像,53,38,実物,2026-10-03,採用動画 制作事例,,https://www.youtube.com/watch?v=hrqOb0YyIAY
採用動画,榛木金属工業株式会社,採用（応募者の集客・入社前の理解）,（種類からの既定）,動画制作・映像制作 / 株式会社StokedBase【公式】,動画制作・映像制作 / 株式会社StokedBase【公式】,【お客様事例】榛木金属工業株式会社様 / 株式会社StokedBase【採用動画】,803,22,近い,2026-10-03,採用動画 制作事例,,https://www.youtube.com/watch?v=1VemHkwpZMU
採用動画,求人企画中小企業採用&PR応援TV,採用（応募者の集客・入社前の理解）,バイトル,,求人企画中小企業採用&PR応援TV,【動画制作事例／バイトル】名古屋講師会：本山にあるおしゃれなカフェのような空間の塾講師の募集です♪,111,83,実物,2026-10-03,採用動画 制作事例,,https://www.youtube.com/watch?v=YVyQQ-GgliE
採用動画,,採用（応募者の集客・入社前の理解）,新卒,ダイヤモンドプロ,映像・動画制作専門のダイヤモンドプロ(京都・大阪),【リクルート動画】新卒採用_永昌堂様(ダイヤモンドプロ制作実績),140,800,実物,2026-10-03,採用動画 制作事例,,https://www.youtube.com/watch?v=E6IurUJovy0
採用動画,お店ムービー / FSDホームズ / Food Style & Design,採用（応募者の集客・入社前の理解）,求人,,お店ムービー / FSDホームズ / Food Style & Design,【制作実績】社長インタビュー/求人募集動画/求人動画　集客動画/PR動画/映像制作/制作依頼/制作事例/会社紹介/店舗紹介/社員インタビュー/サイネージ/プロモーション/お店紹介,412,242,実物,2026-10-03,採用動画 制作事例,,https://www.youtube.com/watch?v=CIbnbCZeldw
MV・ミュージックビデオ,Vtuber,楽曲のプロモーション（音楽作品の発表）,（種類からの既定）,,nicoa⌇MV,【制作実績】Vtuber様　待機画面（long）,300,13,違う,2026-10-04,MV 制作実績,視聴して別物と判定済み,https://www.youtube.com/watch?v=6-kC7133HW4
MV・ミュージックビデオ,UStory Create,楽曲のプロモーション（音楽作品の発表）,（種類からの既定）,,UStory Create,20220Films - エン・フィルムス 制作実績Reels,56,82,近い,2026-10-04,MV 制作実績,,https://www.youtube.com/watch?v=k9oVvIXekVc
MV・ミュージックビデオ,株式会社Bells,楽曲のプロモーション（音楽作品の発表）,（種類からの既定）,,Bells System,AIプロモーション動画制作 | 株式会社Bells System（ベルズシステム）,42,896,違う,2026-10-04,MV 制作実績,視聴して別物と判定済み,https://www.youtube.com/watch?v=ecTLvWhz7z8
MV・ミュージックビデオ,MITSUKAL,楽曲のプロモーション（音楽作品の発表）,（種類からの既定）,,MITSUKAL,BAR ONE FOR｜CM制作実績｜MITSUKAL,41,4,違う,2026-10-04,MV 制作実績,視聴して別物と判定済み,https://www.youtube.com/watch?v=fy5Fwp9CQX0
MV・ミュージックビデオ,ツキヒホールディングス株式会社,楽曲のプロモーション（音楽作品の発表）,（種類からの既定）,,ツキヒホールディングス株式会社,CONCEPT MOVIE UKEGAWA  FARM,57,189,違う,2026-10-04,MV 制作実績,視聴して別物と判定済み,https://www.youtube.com/watch?v=QW3cknGVY0A
SNS広告（縦型）,,SNSでの獲得（短尺・縦型の広告）,（種類からの既定）,動画編集ゆきんこ,動画編集ゆきんこ,各種SNS用ショート広告動画制作実績（じぶんでバックオフィス ）,40,503,実物,2026-10-04,SNS広告 縦型 事例,,https://www.youtube.com/watch?v=uPVI2fv3yMA
SNS広告（縦型）,Shortsを検討している企業,SNSでの獲得（短尺・縦型の広告）,（種類からの既定）,,WebマーケティングTV【StockSun株式会社】,YouTube Shortsを検討している企業様へ,453,1816,違う,2026-10-04,SNS広告 縦型 事例,視聴して別物と判定済み,https://www.youtube.com/watch?v=NFM-aaJm1YM
SNS広告（縦型）,アイピースホーム,SNSでの獲得（短尺・縦型の広告）,（種類からの既定）,,博善社印刷,【横型動画を縦型に編集】/ アイピースホーム様のピースタウン本堅田PR動画,61,19,実物,2026-10-04,SNS広告 縦型 事例,,https://www.youtube.com/watch?v=-dbXo0_kV9Y
SNS広告（縦型）,売上が伸びるSNS運用_TaTap,SNSでの獲得（短尺・縦型の広告）,（種類からの既定）,,売上が伸びるSNS運用_TaTap,【TikTokアルゴリズム】TikTokでフォロワーを増やしたい方は必見!,292,3623,違う,2026-10-04,SNS広告 縦型 事例,視聴して別物と判定済み,https://www.youtube.com/watch?v=fiv49ZvhvMA
SNS広告（縦型）,Creators ARC,SNSでの獲得（短尺・縦型の広告）,（種類からの既定）,,Creators ARC,"ショート動画の天才ジェニー・ホヨスは1,000万回再生をなぜ連発できるのか",887,176761,実物,2026-10-04,SNS広告 縦型 事例,,https://www.youtube.com/watch?v=092mO_rYJAQ
WebCM,日神グループ,商品・サービスの認知獲得（広告出稿）,WebCM,,日神グループ,【公式】第二話「私も、考えてみようかな」篇WebCM｜日神不動産の新築分譲マンション,69,861991,実物,2026-10-04,WebCM 制作事例,,https://www.youtube.com/watch?v=1G7JxC8LHRU
WebCM,株式会社アンドストーリー,サービス・商品の理解促進（検討中の見込み客向け）,サービス紹介,,株式会社アンドストーリー,【サービス紹介動画】SEO記事制作・支援サービス 長編,75,804,実物,2026-10-04,WebCM 制作事例,,https://www.youtube.com/watch?v=oEj4W1Qm6lg
WebCM,KOEPAL,商品・サービスの認知獲得（広告出稿）,（種類からの既定）,,KOEPAL,【KOEPAL事例動画】飲食店のSNS向けプロモーションビデオ,121,455,実物,2026-10-04,WebCM 制作事例,,https://www.youtube.com/watch?v=aWEN40pUcnM
WebCM,,サービス・商品の理解促進（検討中の見込み客向け）,商品紹介,Crevo,動画制作会社Crevo (クレボ),商品紹介動画「CROSS LORDS」（Crevo制作実績）,41,2090,実物,2026-10-04,WebCM 制作事例,,https://www.youtube.com/watch?v=CjtNhhJheKU
WebCM,集客チラシデザインラボ,商品・サービスの認知獲得（広告出稿）,（種類からの既定）,オレンジ色のチラシ,集客チラシデザインラボ,電気式床暖房リフォームチラシのコピーライティング＆デザイン作成実績【オレンジ色のチラシ制作事例】,226,109,違う,2026-10-04,WebCM 制作事例,視聴して別物と判定済み,https://www.youtube.com/watch?v=ZJyzn-eKKtI
アニメーション説明動画,Putti Monkey Wrench,仕組みの説明（文字では伝わらない内容の可視化）,（種類からの既定）,,Putti Monkey Wrench,魅力ある動きを作るための「アニメーションの12の原則」,831,96967,違う,2026-10-04,アニメーション 説明動画 制作事例,視聴して別物と判定済み,https://www.youtube.com/watch?v=5CGKVZaofwI
アニメーション説明動画,Euluca Lab. /ユルーカ研究所,仕組みの説明（文字では伝わらない内容の可視化）,（種類からの既定）,,Euluca Lab. /ユルーカ研究所,【自主制作アニメMV】魔法のない世界で生きるということ,437,6544944,近い,2026-10-04,アニメーション 説明動画 制作事例,,https://www.youtube.com/watch?v=-RxE_7uSDVg
アニメーション説明動画,mikimiki web スクール,操作・業務手順の教育（問い合わせ削減）,手順,,mikimiki web スクール,【顔出しなしOK】完全無料！Canva×ChatGPTを使って本格的なアニメーション動画を作成する方法・全手順,1001,105240,違う,2026-10-04,アニメーション 説明動画 制作事例,視聴して別物と判定済み,https://www.youtube.com/watch?v=1FBJWAuIw_0
アニメーション説明動画,Yo☆Hey,仕組みの説明（文字では伝わらない内容の可視化）,（種類からの既定）,,Yo☆Hey,自主制作アニメーション『ミルキー☆ハイウェイ』本編,220,9897755,違う,2026-10-04,アニメーション 説明動画 制作事例,視聴して別物と判定済み,https://www.youtube.com/watch?v=AYJrRakUyvg
アニメーション説明動画,モレのお絵かきチャンネル,仕組みの説明（文字では伝わらない内容の可視化）,（種類からの既定）,,モレのお絵かきチャンネル,【初心者向け】クリスタでTV放送クオリティのアニメを描く方法,941,208843,違う,2026-10-04,アニメーション 説明動画 制作事例,視聴して別物と判定済み,https://www.youtube.com/watch?v=XD-qZknrggY
会社紹介・コーポレート,株式会社三共製作所,会社の信頼獲得（営業・採用の共通素材）,会社紹介,CINEMATO,CINEMATO - 動画制作・映像制作サービス -,【紹介動画】株式会社三共製作所 様　会社紹介【CINEMATO制作実績】,121,270,実物,2026-10-04,コーポレートムービー 制作事例,,https://www.youtube.com/watch?v=oKjBMSK0e9U
会社紹介・コーポレート,muvin,ブランド・理念の発信（信頼の醸成）,ブランドムービー,,muvin,【ブランドムービー】鞄メーカー,133,151,実物,2026-10-04,コーポレートムービー 制作事例,,https://www.youtube.com/watch?v=2WluAoq8nXk
会社紹介・コーポレート,,会社の信頼獲得（営業・採用の共通素材）,（種類からの既定）,ムビサク@サクっと伝わる動画制作・映像制作会社,ムビサク@サクっと伝わる動画制作・映像制作会社,ブランディング用コーポレートムービー｜動画制作・映像制作会社なら【ムビサク】,93,449,実物,2026-10-04,コーポレートムービー 制作事例,,https://www.youtube.com/watch?v=7ioQV-IsBIc
会社紹介・コーポレート,IIBC,会社の信頼獲得（営業・採用の共通素材）,（種類からの既定）,,IIBC,コーポレートムービー,100,1061,実物,2026-10-04,コーポレートムービー 制作事例,,https://www.youtube.com/watch?v=wIAb58kYkU4
会社紹介・コーポレート,株式会社GAGA,会社の信頼獲得（営業・採用の共通素材）,（種類からの既定）,,GAGA nagoya,【コーポレート動画】株式会社GAGA　PV,118,278,実物,2026-10-04,コーポレートムービー 制作事例,,https://www.youtube.com/watch?v=a3ur9pi7nLQ
サービス・商品紹介,北陸電力株式会社,サービス・商品の理解促進（検討中の見込み客向け）,サービス紹介,,Glic株式会社,【制作事例】北陸電力株式会社 サービス紹介動画,61,58,実物,2026-10-04,サービス紹介動画 制作事例,,https://www.youtube.com/watch?v=3QT-3bNPV1E
サービス・商品紹介,カールトン株式会社,サービス・商品の理解促進（検討中の見込み客向け）,サービス紹介,株式会社DAYONE | 成果重視のクリエイティブパートナー,株式会社DAYONE | 成果重視のクリエイティブパートナー,【サービス紹介動画】カールトン株式会社様（DAY ONE制作実績事例）,98,28,実物,2026-10-04,サービス紹介動画 制作事例,,https://www.youtube.com/watch?v=HzD29DjsaaQ
サービス・商品紹介,合同会社エスクリップ,サービス・商品の理解促進（検討中の見込み客向け）,サービス紹介,,合同会社エスクリップ,【エスクリップ】インフォグラフィック動画制作サービス紹介PV,33,329,実物,2026-10-04,サービス紹介動画 制作事例,,https://www.youtube.com/watch?v=nySkrz4mOMY
サービス・商品紹介,株式会社RDグローバルリンク,サービス・商品の理解促進（検討中の見込み客向け）,サービス紹介,,株式会社RDグローバルリンク,【特定技能】サービス紹介動画,361,551,実物,2026-10-04,サービス紹介動画 制作事例,,https://www.youtube.com/watch?v=pI1ZsmoIlv8
サービス・商品紹介,Uemuki Design,サービス・商品の理解促進（検討中の見込み客向け）,サービス紹介,,Uemuki Design,制作事例：サービス紹介（会員制度）,361,41,実物,2026-10-04,サービス紹介動画 制作事例,,https://www.youtube.com/watch?v=SZtdmjxcboQ
マニュアル動画,株式会社イズミテクノ,技術力・設備の提示（取引先と採用の両方に効く）,製造,Video BRAIN ビデオブレイン 誰でも簡単に使える法人向け動画編集クラウド,Video BRAIN ビデオブレイン 誰でも簡単に使える法人向け動画編集クラウド,製造業・メーカー向けマニュアル動画の制作事例①_ 株式会社イズミテクノ様【Video BRAIN制作】,70,1421,実物,2026-10-04,マニュアル動画 制作事例,,https://www.youtube.com/watch?v=RrX0Ln8q6bE
マニュアル動画,株式会社 Global Japan Corporation(GJC),操作・業務手順の教育（問い合わせ削減）,（種類からの既定）,,株式会社 Global Japan Corporation(GJC),デジタルスタンプラリー紹介動画制作実績,128,881,近い,2026-10-04,マニュアル動画 制作事例,,https://www.youtube.com/watch?v=MHBnTipeSbU
マニュアル動画,KDDI株式会社,操作・業務手順の教育（問い合わせ削減）,（種類からの既定）,PROOX,動画制作・映像制作のプルークス,【サイネージ動画】KDDI株式会社様_auスマートパスプレミアム紹介映像縦型（PROOX制作実績）,31,1769,違う,2026-10-04,マニュアル動画 制作事例,視聴して別物と判定済み,https://www.youtube.com/watch?v=4qFC_Rsp2Dk
マニュアル動画,わたがし,操作・業務手順の教育（問い合わせ削減）,（種類からの既定）,,わたがし,インフォグラフィックス　「映像制作チーム　ネクサス」　※制作実績,161,243,実物,2026-10-04,マニュアル動画 制作事例,,https://www.youtube.com/watch?v=mXYR1pKlREg
マニュアル動画,ティーペック株式会社,操作・業務手順の教育（問い合わせ削減）,（種類からの既定）,Video BRAIN ビデオブレイン 誰でも簡単に使える法人向け動画編集クラウド,Video BRAIN ビデオブレイン 誰でも簡単に使える法人向け動画編集クラウド,医療サービスの動画制作事例②_ ティーペック株式会社様【Video BRAIN制作】,61,137,実物,2026-10-04,マニュアル動画 制作事例,,https://www.youtube.com/watch?v=HJS7iU4v5ZY
採用動画,【公式】株式会社あつまる,採用（応募者の集客・入社前の理解）,新卒,,【公式】株式会社あつまる,【制作実績】新卒採用コンサルティング事例_大和電業社様,242,113,実物,2026-10-04,採用動画 制作事例,,https://www.youtube.com/watch?v=LFrlOKs8yA4
採用動画,お客,採用（応募者の集客・入社前の理解）,（種類からの既定）,動画制作・映像制作 / 株式会社StokedBase【公式】,動画制作・映像制作 / 株式会社StokedBase【公式】,【お客様事例】ANA 全日本空輸株式会社 様 / 株式会社StokedBase【密着動画・採用動画】,872,977,近い,2026-10-04,採用動画 制作事例,,https://www.youtube.com/watch?v=Gvn7VLxVcO0
採用動画,お店ムービー / FSDホームズ / Food Style & Design,採用（応募者の集客・入社前の理解）,求人,,お店ムービー / FSDホームズ / Food Style & Design,【制作実績】社員インタビュー/求人募集動画/求人動画　集客動画/PR動画/映像制作/制作依頼/制作事例/会社紹介/店舗紹介/社員インタビュー/サイネージ/プロモーション,272,593,実物,2026-10-04,採用動画 制作事例,,https://www.youtube.com/watch?v=LvP8KfY_0U0
採用動画,美容機器メーカー,採用（応募者の集客・入社前の理解）,（種類からの既定）,,DESAMELIA:デザメリア,【採用動画】美容機器メーカー様：企業PV,181,1288,実物,2026-10-04,採用動画 制作事例,,https://www.youtube.com/watch?v=oum6icuMOrQ
採用動画,Consulting,社内教育（研修の標準化）,教育,ムビハピ,【ムビハピ】企業動画制作サービス,【リクルート動画】資産運用・投資教育 株式会社Free Life Consulting様(ムビハピ制作実績),206,197,実物,2026-10-04,採用動画 制作事例,,https://www.youtube.com/watch?v=7kZzZZidt_s
MV・ミュージックビデオ,配信者,楽曲のプロモーション（音楽作品の発表）,（種類からの既定）,,nicoa⌇MV,【制作実績】配信者さま　OP用ループ映像,596,25,違う,2026-10-05,MV 制作実績,視聴して別物と判定済み,https://www.youtube.com/watch?v=6AllIjZemzU
MV・ミュージックビデオ,JR東日本スポーツ株式会社,楽曲のプロモーション（音楽作品の発表）,（種類からの既定）,LOCUS,動画制作の株式会社LOCUS,【テレビCM】JR東日本スポーツ株式会社様（LOCUS制作実績）,31,768,近い,2026-10-05,MV 制作実績,,https://www.youtube.com/watch?v=nclnFz7mkKA
MV・ミュージックビデオ,powerx,楽曲のプロモーション（音楽作品の発表）,（種類からの既定）,,株式会社CIRCLE,【ドローン撮影】ブランドイメージPV　powerx様 (circle inc制作実績),36,283,近い,2026-10-05,MV 制作実績,,https://www.youtube.com/watch?v=mwaujA6dbaQ
MV・ミュージックビデオ,株式会社RYODEN,ブランド・理念の発信（信頼の醸成）,記念,PDN,株式会社ピー・ディー・ネットワーク,【企業記念動画】株式会社RYODEN様「だから、RYODEN。」(PDN制作実績),224,1586,違う,2026-10-05,MV 制作実績,視聴して別物と判定済み,https://www.youtube.com/watch?v=nYrNncmjDm8
MV・ミュージックビデオ,株式会社クマヒラ,楽曲のプロモーション（音楽作品の発表）,（種類からの既定）,PROOX,動画制作・映像制作のプルークス,【事業紹介映像】株式会社クマヒラ様_ソリューション紹介映像（PROOX制作実績）,160,1207,違う,2026-10-05,MV 制作実績,視聴して別物と判定済み,https://www.youtube.com/watch?v=kdDjhZLr7n0
SNS広告（縦型）,株式会社ライスカレープラス　最新SNSマーケテイング情報お届け,SNSでの獲得（短尺・縦型の広告）,（種類からの既定）,,株式会社ライスカレープラス　最新SNSマーケテイング情報お届け,【一気見まとめ】今年なにがあった？8分で振り返る2022年のTikTok事例・ニュース総集編！,514,2627,違う,2026-10-05,SNS広告 縦型 事例,視聴して別物と判定済み,https://www.youtube.com/watch?v=gGibDbYjY_A
SNS広告（縦型）,SNS・YouTube運用 マーケドリブン | pamxy,SNSでの獲得（短尺・縦型の広告）,（種類からの既定）,,SNS・YouTube運用 マーケドリブン | pamxy,【TikTok】広告代理店・代行会社の費用を徹底比較！,190,360,違う,2026-10-05,SNS広告 縦型 事例,視聴して別物と判定済み,https://www.youtube.com/watch?v=aiavUx60z5E
SNS広告（縦型）,有限会社 太陽空調,SNSでの獲得（短尺・縦型の広告）,（種類からの既定）,,有限会社 太陽空調,【PV】有限会社 太陽空調 プロモーションビデオ 縦ver,41,662,近い,2026-10-05,SNS広告 縦型 事例,,https://www.youtube.com/watch?v=koulSyRZT8k
SNS広告（縦型）,【ホリエモン切り抜き】たかふみの部屋 (堀江貴文),SNSでの獲得（短尺・縦型の広告）,（種類からの既定）,,【ホリエモン切り抜き】たかふみの部屋 (堀江貴文),[ホリエモン] AIにパパ活アプリの広告を奪われた【フル動画は概要欄へ】#画像生成AI　#Midjourney　#動画生成AI　#上田慎一郎　#ペイターズ,48,2994,違う,2026-10-05,SNS広告 縦型 事例,視聴して別物と判定済み,https://www.youtube.com/watch?v=ZWLFCrWrSWc
SNS広告（縦型）,ネットでお困りの企業,SNSでの獲得（短尺・縦型の広告）,（種類からの既定）,,アニメーション動画クリエイター　MARIE,ネットでお困りの企業様へー手描きPRアニメーション紹介-,31,537,実物,2026-10-05,SNS広告 縦型 事例,,https://www.youtube.com/watch?v=VDPK81DiiQQ
WebCM,,商品・サービスの認知獲得（広告出稿）,（種類からの既定）,零聿スタジオ ZeroIchi studio【公式チャンネル】,零聿スタジオ ZeroIchi studio【公式チャンネル】,SUNTA プロモーション動画,60,393,実物,2026-10-05,WebCM 制作事例,,https://www.youtube.com/watch?v=RtW6wHIyEUU
WebCM,株式会社ゴーフィールド,商品・サービスの認知獲得（広告出稿）,（種類からの既定）,,株式会社ゴーフィールド,香川でホームページ・ウェブプロモーション・動画制作はゴーフィールドへ,31,1786,実物,2026-10-05,WebCM 制作事例,,https://www.youtube.com/watch?v=VybnXCWEuss
WebCM,株式会社扇屋,商品・サービスの認知獲得（広告出稿）,（種類からの既定）,,THE MAJESTIC,【イベント動画】レースイベント①　株式会社扇屋様（THE MAJESTIC制作実績）,64,38,近い,2026-10-05,WebCM 制作事例,,https://www.youtube.com/watch?v=2FaF4dRz2mg
WebCM,ジーフォワード株式会社,商品・サービスの認知獲得（広告出稿）,（種類からの既定）,,ジーフォワード株式会社,動画広告をもっと身近に！動画制作から広告配信まで全部丸投げ「Goovies」,140,28608,実物,2026-10-05,WebCM 制作事例,,https://www.youtube.com/watch?v=FfQx2W9Pppw
WebCM,大阪トヨタ自動車株式会社,商品・サービスの認知獲得（広告出稿）,（種類からの既定）,,大阪トヨタ自動車株式会社,GO!GO!試乗キャンペーン YouTube動画広告,31,151799,実物,2026-10-05,WebCM 制作事例,,https://www.youtube.com/watch?v=gKZFcg9r6Z4
会社紹介・コーポレート,株式会社ベーステックコーポレート動画,会社の信頼獲得（営業・採用の共通素材）,（種類からの既定）,,株式会社ベーステック,株式会社ベーステックコーポレート動画,444,557,実物,2026-10-05,コーポレートムービー 制作事例,,https://www.youtube.com/watch?v=HJR8UWxr7Y0
会社紹介・コーポレート,日本ペイントホールディングスグループ公式,会社の信頼獲得（営業・採用の共通素材）,（種類からの既定）,,日本ペイントホールディングスグループ公式,日本ペイントホールディングス　コーポレートムービー,92,2277,実物,2026-10-05,コーポレートムービー 制作事例,,https://www.youtube.com/watch?v=ps3d7a0EqbY
会社紹介・コーポレート,株式会社ワンゴジュウゴ,会社の信頼獲得（営業・採用の共通素材）,（種類からの既定）,,ワンゴジュウゴ公式Youtubeチャンネル,株式会社ワンゴジュウゴ　コーポレートムービー,77,890,近い,2026-10-05,コーポレートムービー 制作事例,,https://www.youtube.com/watch?v=-8voLIDvD6I
会社紹介・コーポレート,COTA公式チャンネル）,会社の信頼獲得（営業・採用の共通素材）,（種類からの既定）,,COTA公式チャンネル）,コーポレートムービー「女性は髪からもっと美しくなれる」（コタ,169,2242,実物,2026-10-05,コーポレートムービー 制作事例,,https://www.youtube.com/watch?v=1k4cWDPTj7g
会社紹介・コーポレート,NRI Official）,会社の信頼獲得（営業・採用の共通素材）,（種類からの既定）,,NRI Official）,Corporate Movie（NRI Group）（ 野村総合研究所 公式チャンネル,268,18407,実物,2026-10-05,コーポレートムービー 制作事例,,https://www.youtube.com/watch?v=LnT-_5hQ2z4
サービス・商品紹介,株式会社Parame,サービス・商品の理解促進（検討中の見込み客向け）,サービス紹介,株式会社DAYONE | 成果重視のクリエイティブパートナー,株式会社DAYONE | 成果重視のクリエイティブパートナー,【サービス紹介動画】株式会社Parame様（DAY ONE制作実績事例）,101,484,実物,2026-10-05,サービス紹介動画 制作事例,,https://www.youtube.com/watch?v=Mka7bYx2aEM
サービス・商品紹介,webクリエイターズスクール,サービス・商品の理解促進（検討中の見込み客向け）,サービス紹介,,加賀谷舞,[サービス紹介動画]  webクリエイターズスクール様,129,309,実物,2026-10-05,サービス紹介動画 制作事例,,https://www.youtube.com/watch?v=rnTxoQZ6jiY
サービス・商品紹介,,サービス・商品の理解促進（検討中の見込み客向け）,サービス紹介,動画制作会社Crevo (クレボ),動画制作会社Crevo (クレボ),【Crevo】営業資料 サービス紹介動画,157,1686,実物,2026-10-05,サービス紹介動画 制作事例,,https://www.youtube.com/watch?v=_LiYQOOBaJE
サービス・商品紹介,株式会社」,サービス・商品の理解促進（検討中の見込み客向け）,サービス紹介,アニビス,ANIBIS【初回無料の動画制作サービス】,20万円～｜サービス紹介動画「アディッシュ株式会社」（アニビス制作実績）,58,632,実物,2026-10-05,サービス紹介動画 制作事例,,https://www.youtube.com/watch?v=lKNFQp9a7Wk
サービス・商品紹介,,サービス・商品の理解促進（検討中の見込み客向け）,サービス紹介,Video BRAIN ビデオブレイン 誰でも簡単に使える法人向け動画編集クラウド,Video BRAIN ビデオブレイン 誰でも簡単に使える法人向け動画編集クラウド,商品/サービス紹介の制作事例_生活協同組合コープかごしま様【Video BRAIN制作】,61,106,違う,2026-10-05,サービス紹介動画 制作事例,視聴して別物と判定済み,https://www.youtube.com/watch?v=R-XCnhy_70M
マニュアル動画,niconicomチャンネル,操作・業務手順の教育（問い合わせ削減）,（種類からの既定）,,niconicomチャンネル,動画マニュアル制作紹介動画【例：Excelの基本関数】,95,61,近い,2026-10-05,マニュアル動画 制作事例,,https://www.youtube.com/watch?v=j294BkRcjVs
マニュアル動画,マニュアル活用チャンネル - 株式会社アスナレッジ,操作・業務手順の教育（問い合わせ削減）,（種類からの既定）,,マニュアル活用チャンネル - 株式会社アスナレッジ,定額マニュアル制作サービス『トトノウ』のご案内。,541,101,実物,2026-10-05,マニュアル動画 制作事例,,https://www.youtube.com/watch?v=-BrdXKnaXG4
マニュアル動画,株式会社アイシーソフト,操作・業務手順の教育（問い合わせ削減）,（種類からの既定）,,株式会社アイシーソフト,【利用方法から探すマニュアル動画】他システムから社員マスタを連携したい,59,189,違う,2026-10-05,マニュアル動画 制作事例,視聴して別物と判定済み,https://www.youtube.com/watch?v=PW_QM8DwLe0
マニュアル動画,KeiNack,操作・業務手順の教育（問い合わせ削減）,（種類からの既定）,,KeiNack,【制作事例】｜1分CM縦① 制作例｜中村総合メディアサービス,50,49,違う,2026-10-05,マニュアル動画 制作事例,視聴して別物と判定済み,https://www.youtube.com/watch?v=GOQKhZkl3EM
マニュアル動画,医療法人河北医療財団,操作・業務手順の教育（問い合わせ削減）,（種類からの既定）,Video BRAIN ビデオブレイン 誰でも簡単に使える法人向け動画編集クラウド,Video BRAIN ビデオブレイン 誰でも簡単に使える法人向け動画編集クラウド,スクエア動画（医療業界）の制作事例_社会医療法人河北医療財団様【Video BRAIN制作】,34,244,違う,2026-10-05,マニュアル動画 制作事例,視聴して別物と判定済み,https://www.youtube.com/watch?v=2PAKQfoJ-h8
展示会・サイネージ,北陸コンピュータ・サービス株式会社,展示会ブースの集客（通行者の足止め）,展示会,,Glic株式会社,【制作事例】北陸コンピュータ・サービス株式会社 販売管理システム 展示会用動画,71,65,実物,2026-10-05,展示会 動画 制作事例,,https://www.youtube.com/watch?v=gb5vStcl6lE
展示会・サイネージ,,展示会ブースの集客（通行者の足止め）,展示会,ニュータイププロジェクト 動画制作,ニュータイププロジェクト 動画制作,鮮度保持装置｜展示会向け製品紹介動画,522,75,実物,2026-10-05,展示会 動画 制作事例,,https://www.youtube.com/watch?v=_g87Mj0BXno
展示会・サイネージ,(株)展示会映像,展示会ブースの集客（通行者の足止め）,展示会,,F- bridge (合同会社エフブリッジ),菊地歯車(株)展示会映像,443,738,実物,2026-10-05,展示会 動画 制作事例,,https://www.youtube.com/watch?v=b8IJC8heFkM
展示会・サイネージ,株式会社島津製作所 / Shimadzu Corporation,展示会ブースの集客（通行者の足止め）,展示会,,株式会社島津製作所 / Shimadzu Corporation,オンライン展示会サイト「MESSE SHIMADZU」のご紹介,72,271,近い,2026-10-05,展示会 動画 制作事例,,https://www.youtube.com/watch?v=Pb2_ExkjiWY
展示会・サイネージ,,展示会ブースの集客（通行者の足止め）,（種類からの既定）,voss create -,voss create -,【制作事例】サイネージ広告・Amazon動画広告・SNS動画広告｜各PR動画制作なら VOSS CREATE ！,37,28,違う,2026-10-05,展示会 動画 制作事例,視聴して別物と判定済み,https://www.youtube.com/watch?v=QNPypEpAICM
採用動画,茂木機工株式会社【公式】チャンネル,採用（応募者の集客・入社前の理解）,新卒,,茂木機工株式会社【公式】チャンネル,【一緒に働こう！】新卒採用ムービー2022 ｜茂木機工,30,5175,実物,2026-10-05,採用動画 制作事例,,https://www.youtube.com/watch?v=Yb85vULTkuM
採用動画,HumanGround AI,採用（応募者の集客・入社前の理解）,（種類からの既定）,,HumanGround AI,【AI動画制作】医療・介護業界の採用を変える採用動画,68,21,実物,2026-10-05,採用動画 制作事例,,https://www.youtube.com/watch?v=U5g7Bs8pxL8
採用動画,しゅーのポートフォリオ,採用（応募者の集客・入社前の理解）,（種類からの既定）,,しゅーのポートフォリオ,【実写ビジネス系】クリニック採用・紹介ショート動画 制作事例,41,163,実物,2026-10-05,採用動画 制作事例,制作者個人の営業チャンネル,https://www.youtube.com/watch?v=vgxZiNPfJsQ
採用動画,ベオーネチャンネル,採用（応募者の集客・入社前の理解）,（種類からの既定）,,ベオーネチャンネル,【採用動画】イタリアンバールベオーネ,148,121,実物,2026-10-05,採用動画 制作事例,,https://www.youtube.com/watch?v=38_OrooCNbs
採用動画,月山映像 Corporate Channel,採用（応募者の集客・入社前の理解）,（種類からの既定）,,月山映像 Corporate Channel,福祉の採用動画 SMILE01｜「繋がりを大切に」篇,64,32,実物,2026-10-05,採用動画 制作事例,,https://www.youtube.com/watch?v=o7S_CkIYYLE
MV・ミュージックビデオ,NEO NAGASHIMA,楽曲のプロモーション（音楽作品の発表）,（種類からの既定）,,NEO NAGASHIMA,【そうだ！ベトナムに行きましょう！】SoundUD対応 / NEONAGASHIMA制作実績,82,130,実物,2026-10-06,MV 制作実績,,https://www.youtube.com/watch?v=7J4xuP0dvjI
MV・ミュージックビデオ,株式会社CIRCLE,楽曲のプロモーション（音楽作品の発表）,（種類からの既定）,,株式会社CIRCLE,【イベント動画】みんなの還暦式 (circle inc制作実績),147,277,違う,2026-10-06,MV 制作実績,視聴して別物と判定済み,https://www.youtube.com/watch?v=wpvPYXZiWJc
MV・ミュージックビデオ,国立大学法人東北大学,楽曲のプロモーション（音楽作品の発表）,（種類からの既定）,LOCUS,動画制作の株式会社LOCUS,【学校紹介動画】国立大学法人東北大学様（LOCUS制作実績）,102,208,違う,2026-10-06,MV 制作実績,視聴して別物と判定済み,https://www.youtube.com/watch?v=aKtxPJzLC9A
MV・ミュージックビデオ,8hammer,楽曲のプロモーション（音楽作品の発表）,（種類からの既定）,,8hammer,制作事例_イベントエンドロール_NETSUGEN,199,817,近い,2026-10-06,MV 制作実績,,https://www.youtube.com/watch?v=2EcUz90c5Dc
MV・ミュージックビデオ,,楽曲のプロモーション（音楽作品の発表）,（種類からの既定）,Studio Momoko.スタジオももこ,Studio Momoko.スタジオももこ,【制作実績】雪ノ羽音さんオープニング動画,68,820,実物,2026-10-06,MV 制作実績,,https://www.youtube.com/watch?v=deyFSuKlWBo
WebCM,MuseArrive,商品・サービスの認知獲得（広告出稿）,WebCM,,MuseArrive,Snow fairy｜WebCM 制作事例,32,0,実物,2026-10-06,WebCM 制作事例,,https://www.youtube.com/watch?v=qXv1Zg2DiII
WebCM,ZAZA Ch. ザザチャンネル,ブランド・理念の発信（信頼の醸成）,ブランドムービー,,ZAZA Ch. ザザチャンネル,【ビッグエムワン】2023春夏Linkationブランドムービー,31,422,実物,2026-10-06,WebCM 制作事例,,https://www.youtube.com/watch?v=jQZqCXdBWPE
WebCM,フリエ）,サービス・商品の理解促進（検討中の見込み客向け）,サービス紹介,,フリエ）,【CM1】りくいえ（REQUIE）サービス紹介（FLIE,31,637,実物,2026-10-06,WebCM 制作事例,,https://www.youtube.com/watch?v=fnojJsOJ-R4
WebCM,継続成長の仕組み・資産づくり支援「株式会社きづくネットワーク」,商品・サービスの認知獲得（広告出稿）,（種類からの既定）,,継続成長の仕組み・資産づくり支援「株式会社きづくネットワーク」,商品・サービスの認知度を高めるには？動画とYouTube活用のメリット,91,200,実物,2026-10-06,WebCM 制作事例,,https://www.youtube.com/watch?v=M29gywlK9es
WebCM,MarkLinesMovie,商品・サービスの認知獲得（広告出稿）,（種類からの既定）,,MarkLinesMovie,プロモーション広告LINES 紹介動画,44,349,実物,2026-10-06,WebCM 制作事例,,https://www.youtube.com/watch?v=bN_xsdc0HSU
アニメーション説明動画,トドック電力,仕組みの説明（文字では伝わらない内容の可視化）,（種類からの既定）,,株式会社 須田製版,【アニメーション制作事例】　トドック電力様　サウンド無,45,289,実物,2026-10-06,アニメーション 説明動画 制作事例,,https://www.youtube.com/watch?v=LALhcZxLMEw
アニメーション説明動画,株式会社粕田屋,仕組みの説明（文字では伝わらない内容の可視化）,（種類からの既定）,粕田屋,株式会社粕田屋,歯周病になる原因アニメ【粕田屋制作実績】,172,158,実物,2026-10-06,アニメーション 説明動画 制作事例,,https://www.youtube.com/watch?v=CQq0xCoK2D4
アニメーション説明動画,うえまり_Draw &Movie,仕組みの説明（文字では伝わらない内容の可視化）,（種類からの既定）,,うえまり_Draw &Movie,手描き動画アニメーション制作実績　スマートフォン修理専門店PR動画,61,42,実物,2026-10-06,アニメーション 説明動画 制作事例,,https://www.youtube.com/watch?v=Ip3jplZvcao
アニメーション説明動画,,仕組みの説明（文字では伝わらない内容の可視化）,（種類からの既定）,モーショングラフィックス動画,Unplug_studio,【モーショングラフィックス動画制作実績】TANKA AI｜プロモーション動画,31,101,実物,2026-10-06,アニメーション 説明動画 制作事例,,https://www.youtube.com/watch?v=W5zyCW199_8
アニメーション説明動画,マーケティング支援チャンネル,サービス・商品の理解促進（検討中の見込み客向け）,商品紹介,,マーケティング支援チャンネル,【制作事例】シンクロアイズ 商品紹介アニメ,129,64,実物,2026-10-06,アニメーション 説明動画 制作事例,,https://www.youtube.com/watch?v=5IjzrV6ibqA
サービス・商品紹介,ソフィコ・サービス・ジャパン株式会社,サービス・商品の理解促進（検討中の見込み客向け）,サービス紹介,,株式会社エコンテ,【インフォグラフィック動画】MilesGoサービス紹介動画（ソフィコ・サービス・ジャパン株式会社）,93,930,実物,2026-10-06,サービス紹介動画 制作事例,,https://www.youtube.com/watch?v=sCpnIXqiwiM
サービス・商品紹介,1_フランクリン・テンプルトン・ジャパン株式会社,サービス・商品の理解促進（検討中の見込み客向け）,サービス紹介,Video BRAIN ビデオブレイン 誰でも簡単に使える法人向け動画編集クラウド,Video BRAIN ビデオブレイン 誰でも簡単に使える法人向け動画編集クラウド,【 Video BRAIN 制作事例】商品・サービス紹介_1_フランクリン・テンプルトン・ジャパン株式会社,121,453,実物,2026-10-06,サービス紹介動画 制作事例,,https://www.youtube.com/watch?v=z4qhtiDrzSY
サービス・商品紹介,NAKAJIの日記,サービス・商品の理解促進（検討中の見込み客向け）,サービス紹介,,NAKAJIの日記,サービス紹介動画事例｜日本再生医療研究会,92,30,実物,2026-10-06,サービス紹介動画 制作事例,,https://www.youtube.com/watch?v=cFSjeWv8phA
サービス・商品紹介,ETCマネジメントサービス株式会社,サービス・商品の理解促進（検討中の見込み客向け）,サービス紹介,PROOX,動画制作・映像制作のプルークス,【サービス紹介】ETCマネジメントサービス株式会社様_DriveNode紹介映像（PROOX制作実績）,117,578,近い,2026-10-06,サービス紹介動画 制作事例,,https://www.youtube.com/watch?v=gvLWLIjOWUs
サービス・商品紹介,noseri / のせり,サービス・商品の理解促進（検討中の見込み客向け）,サービス紹介,,noseri / のせり,「Petted Pets」サービス紹介動画,146,253,実物,2026-10-06,サービス紹介動画 制作事例,,https://www.youtube.com/watch?v=oBEHQNW02yU
マニュアル動画,ビヨンドテック,社内教育（研修の標準化）,研修,,ビヨンドテック,パワーポイント制作事例「社内研修」＋ナレーション（合成音声・機械音声）,108,378,近い,2026-10-06,マニュアル動画 制作事例,,https://www.youtube.com/watch?v=v1C9PFkSURU
マニュアル動画,一般財団法人エルピーガス振興センター,操作・業務手順の教育（問い合わせ削減）,（種類からの既定）,PROOX,動画制作・映像制作のプルークス,【マニュアル】一般財団法人エルピーガス振興センター様_リース項説明動画（PROOX制作実績）,589,196,実物,2026-10-06,マニュアル動画 制作事例,,https://www.youtube.com/watch?v=uJaePZL8las
マニュアル動画,橙デザイン株式会社,操作・業務手順の教育（問い合わせ削減）,（種類からの既定）,,橙デザイン株式会社,動画制作 プレミアムプラン サンプル動画【橙デザイン株式会社】,247,178,近い,2026-10-06,マニュアル動画 制作事例,,https://www.youtube.com/watch?v=BeDIgRXD1Us
マニュアル動画,,サービス・商品の理解促進（検討中の見込み客向け）,商品紹介,ニュータイププロジェクト 動画制作,ニュータイププロジェクト 動画制作,薬用育毛剤｜商品紹介動画,267,25,実物,2026-10-06,マニュアル動画 制作事例,,https://www.youtube.com/watch?v=vRdEI6OS_RE
マニュアル動画,株式会社様,サービス・商品の理解促進（検討中の見込み客向け）,商品紹介,Video BRAIN ビデオブレイン 誰でも簡単に使える法人向け動画編集クラウド,Video BRAIN ビデオブレイン 誰でも簡単に使える法人向け動画編集クラウド,商品紹介動画の制作事例_青山商事株式会社様【Video BRAIN制作事例】,298,66,近い,2026-10-06,マニュアル動画 制作事例,,https://www.youtube.com/watch?v=aZr9YO-cTuI
展示会・サイネージ,,展示会ブースの集客（通行者の足止め）,展示会,ニュータイププロジェクト 動画制作,ニュータイププロジェクト 動画制作,金型洗浄機｜展示会向け製品紹介動画,291,14,実物,2026-10-06,展示会 動画 制作事例,,https://www.youtube.com/watch?v=-sVFAwfNntw
展示会・サイネージ,ライブモア,展示会ブースの集客（通行者の足止め）,展示会,,ライブモア,有限会社 田中製作所 展示会用 会社案内動画,170,398,近い,2026-10-06,展示会 動画 制作事例,,https://www.youtube.com/watch?v=Dmm3p6nI9cU
展示会・サイネージ,株式会社ニイガタ,展示会ブースの集客（通行者の足止め）,展示会,,小野寺美雪,【制作事例】株式会社ニイガタ様　エヌキュア　展示会用サービス紹介動画,77,522,違う,2026-10-06,展示会 動画 制作事例,視聴して別物と判定済み,https://www.youtube.com/watch?v=eqNYS4FdwpE
展示会・サイネージ,,ブランド・理念の発信（信頼の醸成）,想い,会社案内動画,Gworks creative studio,【会社案内動画 制作事例】ものづくりの現場を“想い”で伝える｜製造業,146,33,近い,2026-10-06,展示会 動画 制作事例,,https://www.youtube.com/watch?v=dgNEHXGC78I
展示会・サイネージ,株式会社リンクス,サービス・商品の理解促進（検討中の見込み客向け）,サービス紹介,動画制作会社Crevo (クレボ),動画制作会社Crevo (クレボ),株式会社リンクス｜サービス紹介動画「ACERAシリーズ」,122,920,近い,2026-10-06,展示会 動画 制作事例,,https://www.youtube.com/watch?v=JdPiB4jWgB4
採用動画,株式会社CROCO,採用（応募者の集客・入社前の理解）,（種類からの既定）,CROCO,株式会社CROCO,【CROCO制作事例】MARIE. リクルートサイト用動画,93,90,実物,2026-10-06,採用動画 制作事例,,https://www.youtube.com/watch?v=IDytRwXEQYU
採用動画,TAYLORS,採用（応募者の集客・入社前の理解）,（種類からの既定）,,TAYLORS,TAYLORS llc RCS Service. ◎採用広告 採用動画で、社員を使ったばっかりに。。。編,35,90,近い,2026-10-06,採用動画 制作事例,,https://www.youtube.com/watch?v=vxg-cnHCLl4
採用動画,月山映像 Corporate Channel,採用（応募者の集客・入社前の理解）,（種類からの既定）,,月山映像 Corporate Channel,採用動画｜座談会で「会社の良いところ」を聞いてみた。 苅田建設工業,57,179,実物,2026-10-06,採用動画 制作事例,,https://www.youtube.com/watch?v=gSjF6mbxRP8
採用動画,ONES CREATION,採用（応募者の集客・入社前の理解）,（種類からの既定）,,ONES CREATION,第一印象が大事です#映像制作会社 #福岡 #採用動画 #採用 #採用ムービー #企業pr #人事 #採用担当,41,1570,違う,2026-10-06,採用動画 制作事例,視聴して別物と判定済み,https://www.youtube.com/watch?v=ORZJg1rQwDg
採用動画,JR水戸鉄道サービス株式会社,採用（応募者の集客・入社前の理解）,（種類からの既定）,Crevo,動画制作会社Crevo (クレボ),JR水戸鉄道サービス株式会社｜採用動画（Crevo制作実績）,120,1460,実物,2026-10-06,採用動画 制作事例,,https://www.youtube.com/watch?v=R13tTGElk0Y
MV・ミュージックビデオ,AKB48,楽曲のプロモーション（音楽作品の発表）,MV,,AKB48,【MV full】 呼び捨てファンタジー / AKB48 [公式],255,2387207,実物,2026-10-07,MV 公式,,https://www.youtube.com/watch?v=ff1cIOTPbrg
MV・ミュージックビデオ,徳間ジャパン 演歌・歌謡曲チャンネル,楽曲のプロモーション（音楽作品の発表）,MV,,徳間ジャパン 演歌・歌謡曲チャンネル,風輪「人生TENKI」MV【公式】,284,125332,実物,2026-10-07,MV 公式,,https://www.youtube.com/watch?v=qtYR9n4yWqI
MV・ミュージックビデオ,【公式】アイプリちゅ〜ぶ,楽曲のプロモーション（音楽作品の発表）,（種類からの既定）,,【公式】アイプリちゅ〜ぶ,【公式MV】タマキのひみつマイソング♪（うた：タマキ）,128,266201,実物,2026-10-07,MV 公式,,https://www.youtube.com/watch?v=P-2V1A3eR2s
MV・ミュージックビデオ,マユリカのプンカプンカ!【マユリカ公式チャンネル】,楽曲のプロモーション（音楽作品の発表）,（種類からの既定）,,マユリカのプンカプンカ!【マユリカ公式チャンネル】,やる気のルナヴェル-WHITEBIRD-【公式MV】,31,422054,近い,2026-10-07,MV 公式,,https://www.youtube.com/watch?v=M-0igbaInms
MV・ミュージックビデオ,kobedreammaker,楽曲のプロモーション（音楽作品の発表）,（種類からの既定）,,kobedreammaker,「月に浮かぶ島」 大山百合香 ～奄美群島・沖永良部島～　【公式MV】,349,2490,実物,2026-10-07,MV 公式,,https://www.youtube.com/watch?v=eZlxOVkesdw
SNS広告（縦型）,Verseflow【公式】 - 動画作成に悩むすべての人に,技術力・設備の提示（取引先と採用の両方に効く）,製造,,Verseflow【公式】 - 動画作成に悩むすべての人に,【認知ゼロ逆転】AI動画で月30本投稿！製造業の広報が実現した低コスト戦略,83,143,実物,2026-10-07,SNS広告 縦型 事例,,https://www.youtube.com/watch?v=h_6VcUEqqfA
SNS広告（縦型）,株式会社ライスカレープラス　最新SNSマーケテイング情報お届け,SNSでの獲得（短尺・縦型の広告）,（種類からの既定）,,株式会社ライスカレープラス　最新SNSマーケテイング情報お届け,【有料級】ついに1位発表…！今もっとも効果があるSNSマーケティング施策TOP3（後編）口コミ/インフルエンサー/インスタ,132,347,近い,2026-10-07,SNS広告 縦型 事例,,https://www.youtube.com/watch?v=OdQ0cMX4oFE
SNS広告（縦型）,和泉朝陽のわくわくぱ〜く,SNSでの獲得（短尺・縦型の広告）,（種類からの既定）,,和泉朝陽のわくわくぱ〜く,見たことある広告を全部詰め込んだ、案件の虫。,36,5788394,近い,2026-10-07,SNS広告 縦型 事例,,https://www.youtube.com/watch?v=bsaUVhAYjcQ
WebCM,バイトル公式チャンネル,採用（応募者の集客・入社前の理解）,バイトル,,バイトル公式チャンネル,バイトルWEBCM「なぜママはバイトルなのか」母と息子篇 30秒,31,697566,実物,2026-10-07,WebCM,,https://www.youtube.com/watch?v=4tqAajJmQF0
WebCM,Pokémon GO Japan,ブランド・理念の発信（信頼の醸成）,10周年,,Pokémon GO Japan,10周年記念Web CM「僕らの進化は止まらない」 | 『Pokémon GO』,79,21748,実物,2026-10-07,WebCM,,https://www.youtube.com/watch?v=-Ar8eBfs1jg
WebCM,SMBCモビット公式チャンネル,商品・サービスの認知獲得（広告出稿）,WebCM,,SMBCモビット公式チャンネル,【公式】SMBCモビット　笑顔のV篇　WebCM 30秒,31,6603405,実物,2026-10-07,WebCM,,https://www.youtube.com/watch?v=m0JHtn2oweE
WebCM,ノーリツ公式チャンネルNORITZ Official channel,商品・サービスの認知獲得（広告出稿）,WEBCM,,ノーリツ公式チャンネルNORITZ Official channel,プログレWEBCM　お手入れ編,33,2948176,実物,2026-10-07,WebCM,,https://www.youtube.com/watch?v=V5s2nFDJ2r4
WebCM,SBC Medical Group,商品・サービスの認知獲得（広告出稿）,WEBCM,,SBC Medical Group,湘南美容クリニックWEBCM　メディカルサイズダウンシリーズ　脂肪細胞ズがいなくなればリバウンドなし編,36,37238,実物,2026-10-07,WebCM,,https://www.youtube.com/watch?v=1hsdNz_U1H4
アニメーション説明動画,THE ビジネスアニメーション,仕組みの説明（文字では伝わらない内容の可視化）,（種類からの既定）,ビジネスアニメ,THE ビジネスアニメーション,【ビジネスアニメ制作事例】獣医学生向け　動物病院業界説明アニメ,217,374,実物,2026-10-07,アニメーション 説明動画 制作事例,,https://www.youtube.com/watch?v=wRI9iwZ2WJo
アニメーション説明動画,西船南口整体院西船橋カイロプラクティック,仕組みの説明（文字では伝わらない内容の可視化）,（種類からの既定）,,ホワイトボードアニメーション説明動画であなたのビジネスを成功させます,制作事例　西船南口整体院西船橋カイロプラクティック様30秒のショート動画,31,35,違う,2026-10-07,アニメーション 説明動画 制作事例,視聴して別物と判定済み,https://www.youtube.com/watch?v=9ygzx-CpG6s
アニメーション説明動画,S2-design,仕組みの説明（文字では伝わらない内容の可視化）,（種類からの既定）,,S2-design,工業系アイソメトリック制作事例｜都市開発ビジュアル説明,112,56,実物,2026-10-07,アニメーション 説明動画 制作事例,,https://www.youtube.com/watch?v=ud1J1-ADwjg
アニメーション説明動画,さちはな工房@手描き動画クリエイター,仕組みの説明（文字では伝わらない内容の可視化）,（種類からの既定）,,さちはな工房@手描き動画クリエイター,【制作事例】建築新人動画「子供の頃に夢があったはず」＃手描きアニメーション,130,59,実物,2026-10-07,アニメーション 説明動画 制作事例,,https://www.youtube.com/watch?v=sQt8xlppGJg
アニメーション説明動画,,仕組みの説明（文字では伝わらない内容の可視化）,（種類からの既定）,Animede,アニメ動画制作のアニメデ (Animede),【事例紹介】アニメーション制作｜海外拠点開設ハンズオン動画【Animede制作実績】,63,268,実物,2026-10-07,アニメーション 説明動画 制作事例,,https://www.youtube.com/watch?v=yFEUla1ymIA
会社紹介・コーポレート,株式会社コーポレート動画,会社の信頼獲得（営業・採用の共通素材）,（種類からの既定）,,岩井プレス株式会社,岩井プレス株式会社コーポレート動画,136,359,実物,2026-10-07,コーポレートムービー 制作事例,,https://www.youtube.com/watch?v=oszZZoQnyQg
会社紹介・コーポレート,売れるネット広告社グループ株式会社【加藤公一レオ D2Cチャンネル】,ブランド・理念の発信（信頼の醸成）,理念,,売れるネット広告社グループ株式会社【加藤公一レオ D2Cチャンネル】,『売れるネット広告社グループ』コーポレートムービー【企業理念・行動指針】,692,5053,実物,2026-10-07,コーポレートムービー 制作事例,,https://www.youtube.com/watch?v=o8l4Ykurrsg
会社紹介・コーポレート,,会社の信頼獲得（営業・採用の共通素材）,（種類からの既定）,SSFILMS,SSFILMS,イベントムービー/企業PR/映像制作/ブランディングムービー,59,95,近い,2026-10-07,コーポレートムービー 制作事例,,https://www.youtube.com/watch?v=Gr57lUcDVqQ
会社紹介・コーポレート,,会社の信頼獲得（営業・採用の共通素材）,（種類からの既定）,STUDIO55inc.,STUDIO55inc.,コーポレートムービー 20220516,234,510,実物,2026-10-07,コーポレートムービー 制作事例,,https://www.youtube.com/watch?v=lByYeYWbKPk
サービス・商品紹介,ノコッタちゃんねる,サービス・商品の理解促進（検討中の見込み客向け）,サービス紹介,,ノコッタちゃんねる,ノコッタサービス紹介動画「登録から出品まで」編,181,164,実物,2026-10-07,サービス紹介動画 制作事例,,https://www.youtube.com/watch?v=YeoEUxI-EhU
サービス・商品紹介,,サービス・商品の理解促進（検討中の見込み客向け）,サービス紹介,Crevo,動画制作会社Crevo (クレボ),サービス紹介動画「チョイススマート確定申告」（Crevo制作実績）,106,6256,実物,2026-10-07,サービス紹介動画 制作事例,,https://www.youtube.com/watch?v=b_vkR8q8P34
サービス・商品紹介,,サービス・商品の理解促進（検討中の見込み客向け）,サービス紹介,『CRUNCH』動画制作管理ツール,『CRUNCH』動画制作管理ツール,CRUNCHサービス紹介動画,48,170297,実物,2026-10-07,サービス紹介動画 制作事例,,https://www.youtube.com/watch?v=A7UeJw9TDrw
サービス・商品紹介,株式会社」,サービス・商品の理解促進（検討中の見込み客向け）,サービス紹介,アニビス,ANIBIS【初回無料の動画制作サービス】,20万円～｜サービス紹介動画「アディッシュ株式会社」（アニビス制作実績）,55,277,実物,2026-10-07,サービス紹介動画 制作事例,,https://www.youtube.com/watch?v=C1owpS8Rl_Q
サービス・商品紹介,MA KURO (KURO),サービス・商品の理解促進（検討中の見込み客向け）,サービス紹介,,MA KURO (KURO),【サービス紹介動画】＜架空＞パパママの為のMAP表示サービス Pamap,87,396,実物,2026-10-07,サービス紹介動画 制作事例,,https://www.youtube.com/watch?v=GRI09n4zD0s
マニュアル動画,Chiebo,操作・業務手順の教育（問い合わせ削減）,（種類からの既定）,,Chiebo,【Chiebo】マニュアル作成ツール　Chieboの紹介動画,101,588,近い,2026-10-07,マニュアル動画 制作事例,,https://www.youtube.com/watch?v=HB-NCsitvF4
マニュアル動画,,サービス・商品の理解促進（検討中の見込み客向け）,商品紹介,ニュータイププロジェクト 動画制作,ニュータイププロジェクト 動画制作,子ども用紙パックホルダー｜商品紹介動画,38,288,近い,2026-10-07,マニュアル動画 制作事例,,https://www.youtube.com/watch?v=TlrlxnBtky8
マニュアル動画,,サービス・商品の理解促進（検討中の見込み客向け）,製品紹介,ニュータイププロジェクト 動画制作,ニュータイププロジェクト 動画制作,ビルメンテナンス用清掃用具｜製品紹介動画（事例01）,34,2094,実物,2026-10-07,マニュアル動画 制作事例,,https://www.youtube.com/watch?v=jS5gmfrnj7E
展示会・サイネージ,,展示会ブースの集客（通行者の足止め）,展示会,ニュータイププロジェクト 動画制作,ニュータイププロジェクト 動画制作,多目的のこぎり｜展示会向け商品紹介動画,282,74,近い,2026-10-07,展示会 動画 制作事例,,https://www.youtube.com/watch?v=fW7DLk1qOvg
展示会・サイネージ,株式会社高昇,展示会ブースの集客（通行者の足止め）,展示会,,株式会社高昇,サイン展示会用動画,112,48,実物,2026-10-07,展示会 動画 制作事例,,https://www.youtube.com/watch?v=abpin4IBOkw
展示会・サイネージ,エイム企画,展示会ブースの集客（通行者の足止め）,（種類からの既定）,,Harami Design,【制作事例】エイム企画様・企業PR動画,71,9,実物,2026-10-07,展示会 動画 制作事例,,https://www.youtube.com/watch?v=5PZJ1lcfI7s
展示会・サイネージ,,展示会ブースの集客（通行者の足止め）,展示会,ニュータイププロジェクト 動画制作,ニュータイププロジェクト 動画制作,業務用プラスチックコア洗浄・リサイクルサービス｜展示会向けサービス紹介動画,200,91,実物,2026-10-07,展示会 動画 制作事例,,https://www.youtube.com/watch?v=VlRmJp-jKlE
展示会・サイネージ,,展示会ブースの集客（通行者の足止め）,展示会,ニュータイププロジェクト 動画制作,ニュータイププロジェクト 動画制作,葬儀社向け電話代行サービス｜展示会向け紹介動画,240,78,近い,2026-10-07,展示会 動画 制作事例,,https://www.youtube.com/watch?v=PJKQZ_3YLhI
MV・ミュージックビデオ,HYBE LABELS,楽曲のプロモーション（音楽作品の発表）,MV,,HYBE LABELS,SEVENTEEN (세븐틴) '손오공' Official MV,213,305747911,違う,2026-10-08,MV 公式,視聴して別物と判定済み,https://www.youtube.com/watch?v=-GQg25oP0S4
MV・ミュージックビデオ,チョコレートプラネット チャンネル,楽曲のプロモーション（音楽作品の発表）,MV,,チョコレートプラネット チャンネル,【MV】風呂キャンセル界隈,231,11850226,実物,2026-10-08,MV 公式,,https://www.youtube.com/watch?v=KrkclH7G7S4
MV・ミュージックビデオ,西野カナ Official YouTube Channel,楽曲のプロモーション（音楽作品の発表）,MV,,西野カナ Official YouTube Channel,西野カナ『トリセツ』MV Full,269,20495849,実物,2026-10-08,MV 公式,,https://www.youtube.com/watch?v=iw_1zU2MSc8
MV・ミュージックビデオ,しあわせをシェアしよう。チャンネル【三菱電機公式】,楽曲のプロモーション（音楽作品の発表）,（種類からの既定）,,しあわせをシェアしよう。チャンネル【三菱電機公式】,霧ヶ峰サウンドロゴMV「KIRIGAMINE REMIX」【三菱電機公式】,52,20273394,近い,2026-10-08,MV 公式,,https://www.youtube.com/watch?v=FtODrPOuwx0
MV・ミュージックビデオ,King & Prince,楽曲のプロモーション（音楽作品の発表）,MV,,King & Prince,King & Prince「ツキヨミ」MV YouTube Edit,163,194579069,実物,2026-10-08,MV 公式,,https://www.youtube.com/watch?v=Rp0Z9YVOnKQ
WebCM,au,商品・サービスの認知獲得（広告出稿）,WebCM,,au,au PAY スマートローン｜WebCM 第五弾『韓国渡航・使える』篇,31,3162430,実物,2026-10-08,WebCM,,https://www.youtube.com/watch?v=Pce5y64xxbM
WebCM,Looopでんき,商品・サービスの認知獲得（広告出稿）,WEBCM,,Looopでんき,【Looopでんき WEBCM縦】「在宅勤務が多い家庭＋ペット」篇３０秒（字幕あり）,31,1954936,実物,2026-10-08,WebCM,,https://www.youtube.com/watch?v=6zC4C0eJ9Cw
WebCM,スクウェア・エニックス,ブランド・理念の発信（信頼の醸成）,5周年,,スクウェア・エニックス,『ドラゴンクエストタクト』4.5周年WebCM　「大型新人エイト」篇,30,5530616,実物,2026-10-08,WebCM,,https://www.youtube.com/watch?v=FXvCgrUir1k
WebCM,バイトル公式チャンネル,採用（応募者の集客・入社前の理解）,バイトル,,バイトル公式チャンネル,バイトルWEBCM「なぜ学生はバイトルなのか」シフト自由なバイト選び篇,31,1187078,実物,2026-10-08,WebCM,,https://www.youtube.com/watch?v=LC0O08WacJ8
WebCM,東宝MOVIEチャンネル,商品・サービスの認知獲得（広告出稿）,WEBCM,,東宝MOVIEチャンネル,大ヒット上映中！劇場版『チェンソーマン レゼ篇』WEBCM【俺が知り合う女がさあ‼篇】 #チェンソーマン#chainsawman #米津玄師 #宇多田ヒカル #IRISOUT #JANEDOE,31,2198641,違う,2026-10-08,WebCM,視聴して別物と判定済み,https://www.youtube.com/watch?v=yZPTCDsUbRw
アニメーション説明動画,岡山大学,仕組みの説明（文字では伝わらない内容の可視化）,（種類からの既定）,,川瀬ともこ【お絵かきクリエイター®️】,【制作事例】岡山大学様　聞こえのチェック　#お絵かきムービー  #説明動画 #ホワイトボードアニメーション,158,425,実物,2026-10-08,アニメーション 説明動画 制作事例,,https://www.youtube.com/watch?v=1X43bVsXmi0
アニメーション説明動画,ホワイトボードアニメーション説明動画であなたのビジネスを成功させます,仕組みの説明（文字では伝わらない内容の可視化）,（種類からの既定）,,ホワイトボードアニメーション説明動画であなたのビジネスを成功させます,制作事例　かなちゃん整体院ショート 動画,30,63,実物,2026-10-08,アニメーション 説明動画 制作事例,,https://www.youtube.com/watch?v=4awAQom8BSU
アニメーション説明動画,HumanGround AI,仕組みの説明（文字では伝わらない内容の可視化）,（種類からの既定）,,HumanGround AI,【AI動画制作事例】企業向けアニメMV　会社のオリジナルストーリーを伝えるブランディング動画,103,120,近い,2026-10-08,アニメーション 説明動画 制作事例,,https://www.youtube.com/watch?v=nHBGGk5cH9U
アニメーション説明動画,AINIMO-LIMOTED,仕組みの説明（文字では伝わらない内容の可視化）,（種類からの既定）,,AINIMO-LIMOTED,【制作事例】AIアニメーション｜情緒性と世界観を重視した短編映像,67,15,違う,2026-10-08,アニメーション 説明動画 制作事例,視聴して別物と判定済み,https://www.youtube.com/watch?v=8WiURB8lHAQ
アニメーション説明動画,ジン【After Effects】,仕組みの説明（文字では伝わらない内容の可視化）,（種類からの既定）,,ジン【After Effects】,『制作事例』テキストアニメーション・イラストアニメーション動画【After Effects・Premiere Pro】,95,43,近い,2026-10-08,アニメーション 説明動画 制作事例,,https://www.youtube.com/watch?v=zlwuK-ObeJE
会社紹介・コーポレート,株式会社「心を繋ぐエンジニアリング」,会社の信頼獲得（営業・採用の共通素材）,（種類からの既定）,,frecrem document,【コーポレート動画】メイクコミュニケーションズ株式会社「心を繋ぐエンジニアリング」,63,66,実物,2026-10-08,コーポレートムービー 制作事例,,https://www.youtube.com/watch?v=VWd5aIGU8Zk
会社紹介・コーポレート,BAsixsチャンネル,ブランド・理念の発信（信頼の醸成）,ブランドムービー,,BAsixsチャンネル,BAsixs（ベーシックス）ブランドムービー,131,819,実物,2026-10-08,コーポレートムービー 制作事例,,https://www.youtube.com/watch?v=GzO3MOFiW-k
会社紹介・コーポレート,Chatwork(チャットワーク) / 国内最大級のビジネス用連絡ツール,ブランド・理念の発信（信頼の醸成）,ブランドムービー,,Chatwork(チャットワーク) / 国内最大級のビジネス用連絡ツール,【公式】Chatworkコーポレートブランドムービー「働くをもっと楽しく、創造的に」,58,9374,実物,2026-10-08,コーポレートムービー 制作事例,,https://www.youtube.com/watch?v=IjqKL-Aovzo
会社紹介・コーポレート,YKK Global,会社の信頼獲得（営業・採用の共通素材）,（種類からの既定）,,YKK Global,【YKK OFFICIAL】YKK Group Corporate Movie Japanese version.,341,1302,実物,2026-10-08,コーポレートムービー 制作事例,,https://www.youtube.com/watch?v=N6huC7o_rt0
会社紹介・コーポレート,ビジネスブレイン太田昭和 (BBS Group),会社の信頼獲得（営業・採用の共通素材）,（種類からの既定）,,ビジネスブレイン太田昭和 (BBS Group),「BBS - 1. 歴史編」コーポレートムービー（30秒）,31,99934,実物,2026-10-08,コーポレートムービー 制作事例,,https://www.youtube.com/watch?v=57NCczqEYfs
サービス・商品紹介,株式会社グローバルネットコア,サービス・商品の理解促進（検討中の見込み客向け）,サービス紹介,CINEMATO,CINEMATO - 動画制作・映像制作サービス -,【サービス紹介動画】株式会社グローバルネットコア様　サービス紹介動画【CINEMATO制作実績】,96,2966,実物,2026-10-08,サービス紹介動画 制作事例,,https://www.youtube.com/watch?v=qjYsBoot5yQ
サービス・商品紹介,伝わる!プロムビ,サービス・商品の理解促進（検討中の見込み客向け）,サービス紹介,,伝わる!プロムビ,『採用動画のプロムビ』サービス紹介動画,61,123,実物,2026-10-08,サービス紹介動画 制作事例,,https://www.youtube.com/watch?v=5kMvFqMUxK4
サービス・商品紹介,落合 慶太🎥写真×動画クリエイター,サービス・商品の理解促進（検討中の見込み客向け）,サービス紹介,,落合 慶太🎥写真×動画クリエイター,【参考動画あり】決済サービス紹介映像,74,191,実物,2026-10-08,サービス紹介動画 制作事例,,https://www.youtube.com/watch?v=2dBAJNmveGA
サービス・商品紹介,ハコニワ,サービス・商品の理解促進（検討中の見込み客向け）,サービス紹介,,マコの動画研究室,【サービス紹介】ハコニワ様_サービス紹介映像,96,335,実物,2026-10-08,サービス紹介動画 制作事例,,https://www.youtube.com/watch?v=RAKUR7wHbwY
サービス・商品紹介,White board,サービス・商品の理解促進（検討中の見込み客向け）,サービス紹介,,White board,【職人・伝統工芸】南部点刻のサービス紹介動画制作事例｜ホワイトボードアニメーション,75,27,実物,2026-10-08,サービス紹介動画 制作事例,,https://www.youtube.com/watch?v=JK28YBR88YU
マニュアル動画,,サービス・商品の理解促進（検討中の見込み客向け）,商品紹介,ニュータイププロジェクト 動画制作,ニュータイププロジェクト 動画制作,キッチン用洗剤｜商品紹介動画,204,122,実物,2026-10-08,マニュアル動画 制作事例,,https://www.youtube.com/watch?v=m9ffP-YiziE
マニュアル動画,株式会社エフェクティム,操作・業務手順の教育（問い合わせ削減）,ハウツー,株式会社Lumii動画,動画制作・映像制作の株式会社Lumii,【ハウツー動画】株式会社エフェクティム様【株式会社Lumii動画制作実績】,219,846,実物,2026-10-08,マニュアル動画 制作事例,,https://www.youtube.com/watch?v=AQQL4G-ydCM
マニュアル動画,株式会社様,操作・業務手順の教育（問い合わせ削減）,（種類からの既定）,LOCUS,動画制作の株式会社LOCUS,【物件紹介動画】新和商事株式会社様（LOCUS制作実績）,91,365,違う,2026-10-08,マニュアル動画 制作事例,視聴して別物と判定済み,https://www.youtube.com/watch?v=RDM8p1fLDrI
マニュアル動画,医療法人河北医療財団,操作・業務手順の教育（問い合わせ削減）,（種類からの既定）,Video BRAIN ビデオブレイン 誰でも簡単に使える法人向け動画編集クラウド,Video BRAIN ビデオブレイン 誰でも簡単に使える法人向け動画編集クラウド,インタビュー動画（医療業界）の制作事例_社会医療法人河北医療財団様【Video BRAIN制作】,60,134,近い,2026-10-08,マニュアル動画 制作事例,,https://www.youtube.com/watch?v=CXKCUEGuqkY
マニュアル動画,,操作・業務手順の教育（問い合わせ削減）,（種類からの既定）,株式会社火燵 【LLMO・動画マーケティング】,株式会社火燵 【LLMO・動画マーケティング】,【動画についてのQ&A】初心者と差別化できる動画作成とは？！,45,78,実物,2026-10-08,マニュアル動画 制作事例,,https://www.youtube.com/watch?v=S0YVfoxyZ6Q
展示会・サイネージ,日本パートナー経営参与事務所,展示会ブースの集客（通行者の足止め）,展示会,株式会社DAYONE | 成果重視のクリエイティブパートナー,株式会社DAYONE | 成果重視のクリエイティブパートナー,【展示会動画】日本パートナー経営参与事務所様（DAY ONE制作実績事例）,121,84,近い,2026-10-08,展示会 動画 制作事例,,https://www.youtube.com/watch?v=svRvSngn-3k
展示会・サイネージ,,展示会ブースの集客（通行者の足止め）,展示会,ニュータイププロジェクト 動画制作,ニュータイププロジェクト 動画制作,業務用レーザープリンター｜海外展示会向け製品紹介動画,268,130,実物,2026-10-08,展示会 動画 制作事例,,https://www.youtube.com/watch?v=OAl0Upbezv0
展示会・サイネージ,集客チラシデザインラボ,展示会ブースの集客（通行者の足止め）,展示会,,集客チラシデザインラボ,展示会用パンフレットデザイン事例｜営業で活用できるA4／6ページのパンフレット制作実績,235,573,違う,2026-10-08,展示会 動画 制作事例,視聴して別物と判定済み,https://www.youtube.com/watch?v=alLP9k7vNYw
展示会・サイネージ,,サービス・商品の理解促進（検討中の見込み客向け）,商品紹介,ニュータイププロジェクト 動画制作,ニュータイププロジェクト 動画制作,ミニデジタルカメラ｜商品紹介動画,121,166,実物,2026-10-08,展示会 動画 制作事例,,https://www.youtube.com/watch?v=B8l17yWM44Y
展示会・サイネージ,,サービス・商品の理解促進（検討中の見込み客向け）,サービス紹介,ニュータイププロジェクト 動画制作,ニュータイププロジェクト 動画制作,セキュアファイル共有サービス｜サービス紹介動画,353,45,違う,2026-10-08,展示会 動画 制作事例,視聴して別物と判定済み,https://www.youtube.com/watch?v=lz3kkQPZBkQ
採用動画,月山映像 Corporate Channel,採用（応募者の集客・入社前の理解）,（種類からの既定）,,月山映像 Corporate Channel,福祉の採用動画「シフクノシゴト」誰かの幸せが、自分の幸せになる仕事。,118,110,実物,2026-10-08,採用動画 制作事例,,https://www.youtube.com/watch?v=qSwJrZoVZZI
採用動画,株式会社クリアビジョン,ブランド・理念の発信（信頼の醸成）,ビジョン,動画制作・映像制作のプルークス,動画制作・映像制作のプルークス,【採用映像】株式会社クリアビジョン様,216,1038,実物,2026-10-08,採用動画 制作事例,,https://www.youtube.com/watch?v=kxaKDIiwv14
採用動画,SHUNICHI KOMATSU,採用（応募者の集客・入社前の理解）,採用ピッチ,,SHUNICHI KOMATSU,ナシオ＿採用ピッチ動画＿インフォグラフィック動画＿INFOVIDEO制作事例,298,662,違う,2026-10-08,採用動画 制作事例,視聴して別物と判定済み,https://www.youtube.com/watch?v=YP_4MJ0iDvE
採用動画,求人企画中小企業採用&PR応援TV,採用（応募者の集客・入社前の理解）,バイトル,,求人企画中小企業採用&PR応援TV,【動画制作事例／バイトル】焼肉ホタル職種9月5日OPENしたばかりの焼肉店♪オープニング募集/週2～OK/髪型髪色・ネイル自由★,127,52,実物,2026-10-08,採用動画 制作事例,,https://www.youtube.com/watch?v=uTGHwO8shkE
採用動画,（株）マツオ技研,技術力・設備の提示（取引先と採用の両方に効く）,製造,,マツオ技研,（株）マツオ技研 採用動画〜第二弾製造・本社篇〜,112,536077,実物,2026-10-08,採用動画 制作事例,,https://www.youtube.com/watch?v=jbwW_X1xQZI
